./image_0001.jpg 192,284,240,371,1
./image_0002.jpg 312,165,384,344,1 417,283,425,297,0 383,277,389,290,0 345,278,350,291,0
./image_0003.jpg 617,208,640,256,0
./image_0004.jpg 346,254,370,313,0 341,209,354,241,0
./image_0005.jpg 507,302,535,371,0
./image_0006.jpg 691,293,764,435,0
./image_0007.jpg 409,309,455,441,0 394,314,408,332,1
./image_0008.jpg 328,256,356,313,1 457,258,493,313,1
./image_0009.jpg 254,275,352,467,1
./image_0010.jpg 482,304,504,364,1 0,254,326,600,1
./image_0011.jpg 749,291,784,328,1 469,271,500,355,1
./image_0012.jpg 321,194,429,470,1 478,243,522,329,1 536,215,595,346,1 601,243,644,327,1 640,200,789,447,1
./image_0013.jpg 656,29,796,213,1 463,29,571,258,1 423,77,462,165,1 358,42,423,189,1 308,76,357,177,1 135,12,273,335,1
./image_0014.jpg 587,15,762,239,1
./image_0015.jpg 353,263,388,349,0
./image_0016.jpg 380,281,413,332,0 397,271,412,289,0
./image_0017.jpg 129,283,201,433,1
./image_0018.jpg 275,275,318,356,0
./image_0019.jpg 380,281,445,390,0
./image_0020.jpg 417,254,598,522,0
./image_0021.jpg 345,262,482,533,1
./image_0022.jpg 356,233,532,510,0
./image_0023.jpg 310,270,431,503,0
./image_0024.jpg 4,247,231,583,1
./image_0025.jpg 338,184,470,450,1 0,206,103,471,1
./image_0026.jpg 409,89,591,461,1 586,134,651,321,1 633,94,800,481,1
./image_0027.jpg 500,225,524,253,1
./image_0028.jpg 528,249,569,303,1
./image_0029.jpg 546,219,594,292,1 439,219,484,290,1
./image_0030.jpg 548,231,641,361,1 404,245,438,300,1
./image_0031.jpg 628,83,767,262,1
./image_0032.jpg 468,311,494,362,1 610,316,679,430,1 500,302,526,351,1
./image_0033.jpg 500,175,623,364,0
./image_0034.jpg 472,247,541,415,1
./image_0035.jpg 399,268,451,413,1 373,280,387,299,0
./image_0036.jpg 281,123,424,350,0
./image_0037.jpg 262,234,334,414,1 413,271,423,287,0
./image_0038.jpg 414,184,503,344,0
./image_0039.jpg 319,247,433,457,0
./image_0040.jpg 372,262,435,400,0 547,92,583,162,0
./image_0041.jpg 254,150,389,427,1 426,210,477,296,1 474,177,528,311,1 537,207,588,290,1 599,159,700,372,1
./image_0042.jpg 122,218,274,509,1
./image_0043.jpg 338,219,433,493,1
./image_0044.jpg 401,217,493,473,1
./image_0045.jpg 401,289,415,321,1 389,294,403,321,1
./image_0046.jpg 379,283,405,340,0
./image_0047.jpg 299,245,329,300,0
./image_0048.jpg 599,303,693,443,0
./image_0049.jpg 113,301,224,512,1 203,69,479,598,1
./image_0050.jpg 370,245,442,429,1
./image_0051.jpg 349,361,383,448,1
./image_0052.jpg 383,269,435,349,1
./image_0053.jpg 361,289,446,408,0
./image_0054.jpg 1,227,140,443,0
./image_0055.jpg 275,287,326,393,0 405,289,458,382,0 538,288,574,380,0 635,295,678,372,0 716,291,769,366,0
./image_0056.jpg 384,247,410,301,0 454,244,495,328,0 537,234,633,395,0
./image_0057.jpg 386,241,487,432,0 301,192,333,261,0 279,169,298,217,0
./image_0058.jpg 476,220,618,452,0 271,232,345,389,0 250,225,267,265,0
./image_0059.jpg 291,288,330,369,1
./image_0060.jpg 59,256,100,331,0
./image_0061.jpg 209,304,286,480,1 455,259,486,322,1
./image_0062.jpg 211,301,238,346,1
./image_0063.jpg 363,288,434,387,1
./image_0064.jpg 246,269,394,503,1
./image_0065.jpg 308,228,437,505,1
./image_0066.jpg 386,280,424,340,1
./image_0067.jpg 269,268,316,373,0 414,265,458,366,0 543,269,585,357,0 642,269,690,354,0 724,268,772,348,0
./image_0068.jpg 220,124,297,297,0
./image_0069.jpg 351,186,413,335,0
./image_0070.jpg 332,247,377,327,0
./image_0071.jpg 271,266,292,306,0 426,257,491,359,0
./image_0072.jpg 196,238,395,598,0
./image_0073.jpg 356,236,454,387,0
./image_0074.jpg 422,291,445,336,1
./image_0075.jpg 326,382,407,519,1
./image_0076.jpg 470,217,519,312,0
./image_0077.jpg 405,359,490,528,0
./image_0078.jpg 363,325,433,475,0
./image_0079.jpg 344,280,394,388,0 287,263,334,364,0
./image_0080.jpg 361,274,403,353,0
./image_0081.jpg 494,277,540,362,0
./image_0082.jpg 504,269,535,323,0 394,252,430,324,0
./image_0083.jpg 373,289,458,478,0
./image_0084.jpg 374,284,410,346,1
./image_0085.jpg 273,248,296,293,1 319,248,356,300,1
./image_0086.jpg 291,255,424,523,0
./image_0087.jpg 236,312,303,406,1 338,302,405,460,1
./image_0088.jpg 141,240,315,599,1 354,277,385,359,1 398,261,461,437,1
./image_0089.jpg 425,265,465,360,1 228,266,298,410,1 201,265,250,363,1
./image_0090.jpg 24,218,236,600,1
./image_0091.jpg 371,226,436,349,1
./image_0092.jpg 413,297,438,361,1 335,330,347,360,1
./image_0093.jpg 301,270,374,425,0 457,280,490,344,0 454,243,471,275,0
./image_0094.jpg 433,277,488,404,0 495,252,530,309,0
./image_0095.jpg 351,270,451,467,0
./image_0096.jpg 250,257,394,580,0
./image_0097.jpg 402,260,451,445,1
./image_0098.jpg 432,270,473,365,1
./image_0099.jpg 343,263,406,463,1
./image_0100.jpg 295,252,467,524,0
./image_0101.jpg 315,257,391,442,0
./image_0102.jpg 317,285,428,523,0 513,228,564,299,0
./image_0103.jpg 326,258,458,536,0
./image_0104.jpg 320,271,437,536,0
./image_0105.jpg 322,260,461,432,0
./image_0106.jpg 324,262,452,429,0
./image_0107.jpg 341,262,453,436,0
./image_0108.jpg 330,262,451,455,0 546,267,575,322,0 652,271,687,362,0
./image_0109.jpg 368,258,516,526,1
./image_0110.jpg 324,267,453,524,1
./image_0111.jpg 397,269,499,512,1
./image_0112.jpg 351,212,506,464,1
./image_0113.jpg 356,265,489,483,1
./image_0114.jpg 354,273,443,475,1
./image_0115.jpg 374,254,485,407,0 219,270,390,584,0
./image_0116.jpg 342,258,447,429,0
./image_0117.jpg 325,255,455,427,0
./image_0118.jpg 343,253,456,515,1 179,162,222,241,1
./image_0119.jpg 289,278,421,499,1
./image_0120.jpg 376,252,461,466,1
./image_0121.jpg 360,263,456,467,0
./image_0122.jpg 298,273,459,488,0
./image_0123.jpg 181,273,409,535,1
./image_0124.jpg 341,252,477,439,0
./image_0125.jpg 306,265,326,303,0 270,220,292,254,0
./image_0126.jpg 375,282,415,358,1
./image_0127.jpg 322,254,455,433,0
./image_0128.jpg 310,270,352,331,0 645,279,668,307,0
./image_0129.jpg 343,262,447,432,0
./image_0130.jpg 96,332,174,430,0 344,265,514,491,0
./image_0131.jpg 311,264,726,552,0 357,103,394,189,0 295,127,313,152,1
./image_0132.jpg 303,288,449,525,0 459,230,513,299,0
./image_0133.jpg 330,130,467,302,1
./image_0134.jpg 410,305,424,332,1 458,302,483,342,1
./image_0135.jpg 289,275,329,319,1
./image_0136.jpg 405,276,420,332,1 374,289,386,321,1
./image_0137.jpg 319,275,475,464,0
./image_0138.jpg 343,263,461,454,0
./image_0139.jpg 343,261,445,432,0
./image_0140.jpg 341,263,446,430,0
./image_0141.jpg 417,248,562,547,0
./image_0142.jpg 329,266,444,509,0
./image_0143.jpg 295,267,419,483,0
./image_0144.jpg 320,263,438,478,0
./image_0145.jpg 347,260,446,469,0 309,171,331,219,0 285,162,310,200,0
./image_0146.jpg 357,258,446,499,0
./image_0147.jpg 384,269,459,503,1
./image_0148.jpg 185,273,255,371,0 351,280,463,465,0
./image_0149.jpg 343,264,457,491,0 166,323,236,434,0
./image_0150.jpg 279,243,354,340,0
./image_0151.jpg 677,346,710,415,0 394,272,408,288,1
./image_0152.jpg 441,255,514,396,0
./image_0153.jpg 129,215,242,422,0
./image_0154.jpg 226,266,340,387,0
./image_0155.jpg 561,228,644,382,0
./image_0156.jpg 369,280,403,347,0 402,283,425,327,1
./image_0157.jpg 394,235,476,416,0 362,236,391,274,1
./image_0158.jpg 377,293,404,334,1
./image_0159.jpg 107,204,180,340,0
./image_0160.jpg 82,284,152,405,0 484,241,583,360,0
./image_0161.jpg 280,274,349,430,0 485,241,538,327,0
./image_0162.jpg 207,218,273,327,0 427,230,523,366,0
./image_0163.jpg 293,273,337,331,0
./image_0164.jpg 219,255,307,430,0 328,265,362,352,0
./image_0165.jpg 523,274,600,376,0
./image_0166.jpg 313,294,345,345,1
./image_0167.jpg 390,285,415,356,1
./image_0168.jpg 350,290,368,326,1 376,275,444,381,1
./image_0169.jpg 441,279,478,321,1
./image_0170.jpg 223,284,326,409,0 324,235,452,557,0
./image_0171.jpg 534,200,567,258,0
./image_0172.jpg 150,222,300,524,1
./image_0173.jpg 678,275,758,419,0
./image_0174.jpg 19,186,105,331,0 159,184,275,377,0
./image_0175.jpg 191,268,248,373,0 512,245,607,388,0
./image_0176.jpg 450,201,560,415,0
./image_0177.jpg 70,231,174,412,0 409,233,525,370,0
./image_0178.jpg 325,260,346,305,1
./image_0179.jpg 389,288,410,337,1
./image_0180.jpg 280,221,407,366,0
./image_0181.jpg 96,211,239,355,0
./image_0182.jpg 214,225,336,443,0
./image_0183.jpg 372,257,467,443,0
./image_0184.jpg 137,213,302,425,0 512,225,562,303,0
./image_0185.jpg 84,238,155,356,0
./image_0186.jpg 510,193,567,301,0
./image_0187.jpg 225,237,294,320,0
./image_0188.jpg 366,180,556,463,0
./image_0189.jpg 466,251,553,441,0 0,209,251,587,0
./image_0190.jpg 241,258,333,367,0 443,255,570,415,0 323,254,357,332,0
./image_0191.jpg 87,260,172,396,0 313,251,500,476,0 473,240,505,316,0
./image_0192.jpg 292,270,348,406,0 404,234,439,309,0
./image_0193.jpg 338,262,406,352,0
./image_0194.jpg 206,312,318,470,0
./image_0195.jpg 156,264,231,349,0 585,294,697,490,0
./image_0196.jpg 274,268,338,347,0
./image_0197.jpg 568,129,701,362,0
./image_0198.jpg 365,248,443,381,0
./image_0199.jpg 183,220,330,505,0
./image_0200.jpg 371,157,479,390,0
./image_0201.jpg 154,241,288,511,0
./image_0202.jpg 0,225,260,600,0 275,232,433,552,1
./image_0203.jpg 267,271,474,486,1
./image_0204.jpg 363,270,557,554,1
./image_0205.jpg 308,220,532,525,1
./image_0206.jpg 319,246,451,450,1
./image_0207.jpg 341,268,448,496,0
./image_0208.jpg 251,265,448,502,0
./image_0209.jpg 345,257,534,499,0
./image_0210.jpg 216,242,421,498,0
./image_0211.jpg 296,259,455,473,0
./image_0212.jpg 325,256,451,511,1
./image_0213.jpg 336,253,454,534,1
./image_0214.jpg 324,257,393,506,1
./image_0215.jpg 316,256,359,333,1 365,261,478,484,1
./image_0216.jpg 91,285,189,417,1 401,252,503,496,1
./image_0217.jpg 373,280,541,505,0 207,241,249,310,0
./image_0218.jpg 345,263,486,471,0
./image_0219.jpg 396,269,505,454,0
./image_0220.jpg 392,268,416,320,1
./image_0221.jpg 341,265,395,362,1
./image_0222.jpg 232,291,277,366,0
./image_0223.jpg 377,273,402,321,1
./image_0224.jpg 414,246,471,348,1
./image_0225.jpg 368,246,412,354,1
./image_0226.jpg 308,266,412,446,1
./image_0227.jpg 39,234,131,325,0 260,276,290,313,0
./image_0228.jpg 659,336,709,423,0
./image_0229.jpg 216,246,265,344,0 390,245,434,333,0 361,71,404,152,0
./image_0230.jpg 375,276,437,365,0 709,265,743,305,0
./image_0231.jpg 380,238,439,307,0
./image_0232.jpg 322,300,426,462,0
./image_0233.jpg 477,162,522,223,0
./image_0234.jpg 381,279,406,322,1
./image_0235.jpg 258,430,368,600,0 402,374,476,495,0
./image_0236.jpg 433,365,458,404,1
./image_0237.jpg 410,291,428,330,1
./image_0238.jpg 285,254,312,309,0 291,273,472,552,0
./image_0239.jpg 322,263,350,324,0 0,305,167,488,0
./image_0240.jpg 305,267,344,337,0
./image_0241.jpg 272,268,313,342,0
./image_0242.jpg 385,291,412,348,0
./image_0243.jpg 464,221,519,336,0
./image_0244.jpg 345,250,467,439,1
./image_0245.jpg 311,281,378,434,1
./image_0246.jpg 390,283,429,342,1
./image_0247.jpg 410,270,438,332,1
./image_0248.jpg 299,154,335,225,0
./image_0249.jpg 402,246,426,294,0
./image_0250.jpg 365,289,438,401,1
./image_0251.jpg 618,265,752,406,0 251,262,336,417,0 321,274,334,303,0 337,274,348,301,0 359,260,371,283,0 380,248,389,267,0
./image_0252.jpg 388,228,572,508,0
./image_0253.jpg 519,271,546,332,0
./image_0254.jpg 386,359,456,564,0
./image_0255.jpg 304,227,460,546,0
./image_0256.jpg 259,110,421,389,0
./image_0257.jpg 165,268,225,392,0
./image_0258.jpg 195,300,300,523,0
./image_0259.jpg 453,239,500,337,0 404,282,426,314,1 703,284,718,307,1
./image_0260.jpg 389,165,590,499,1
./image_0261.jpg 373,262,473,416,1
./image_0262.jpg 211,279,258,354,0
./image_0263.jpg 58,284,131,428,0
./image_0264.jpg 371,283,395,352,1
./image_0265.jpg 347,273,453,501,1
./image_0266.jpg 326,258,421,506,1
./image_0267.jpg 330,270,441,492,1
./image_0268.jpg 367,312,412,392,0 265,292,357,422,0 0,316,59,387,0
./image_0269.jpg 332,258,431,471,1 383,227,425,307,0
./image_0270.jpg 318,212,427,361,0
./image_0271.jpg 193,244,278,347,0 272,282,419,472,0 419,212,464,339,0
./image_0272.jpg 285,272,384,482,0 393,190,451,286,0 585,190,616,291,0
./image_0273.jpg 397,339,521,579,1 501,508,593,580,1
./image_0274.jpg 264,102,328,215,0
./image_0275.jpg 346,232,453,483,0
./image_0276.jpg 152,184,232,350,0
./image_0277.jpg 410,276,433,315,0
./image_0278.jpg 473,298,518,366,0
./image_0279.jpg 270,282,351,372,0 57,243,72,264,0
./image_0280.jpg 425,248,473,340,0
./image_0281.jpg 629,274,697,386,0
./image_0282.jpg 341,266,461,498,0
./image_0283.jpg 236,275,329,463,0 428,280,504,400,0
./image_0284.jpg 324,251,407,449,0
./image_0285.jpg 376,280,446,393,1
./image_0286.jpg 334,268,452,450,1
./image_0287.jpg 306,278,354,366,0
./image_0288.jpg 200,226,337,504,0 466,251,542,394,0
./image_0289.jpg 240,233,313,383,0
./image_0290.jpg 0,223,240,600,0
./image_0291.jpg 236,355,318,472,0
./image_0292.jpg 266,224,454,475,0
./image_0293.jpg 286,251,318,300,1
./image_0294.jpg 294,266,331,342,1
./image_0295.jpg 594,321,630,380,1
./image_0296.jpg 398,265,431,333,1
./image_0297.jpg 459,266,550,504,0
./image_0298.jpg 361,295,414,358,0
./image_0299.jpg 288,270,352,361,0
./image_0300.jpg 241,275,298,373,0 401,257,424,308,0 376,227,396,262,0
./image_0301.jpg 393,270,466,482,0
./image_0302.jpg 232,86,355,233,0
./image_0303.jpg 391,242,498,399,0
./image_0304.jpg 358,235,452,383,0
./image_0305.jpg 447,228,506,346,0
./image_0306.jpg 395,214,436,295,0
./image_0307.jpg 315,237,393,422,0
./image_0308.jpg 579,226,730,450,0 210,204,265,323,0
./image_0309.jpg 551,105,612,216,0 329,112,371,209,0
./image_0310.jpg 474,98,525,188,0 284,132,319,197,0
./image_0311.jpg 298,358,335,415,0 252,319,276,351,0 212,312,234,340,0 152,290,169,314,0
./image_0312.jpg 678,380,738,424,0
./image_0313.jpg 634,407,669,472,0
./image_0314.jpg 665,313,686,353,0
./image_0315.jpg 385,284,419,368,0
./image_0316.jpg 347,276,433,318,0
./image_0317.jpg 403,195,509,468,1
./image_0318.jpg 363,215,452,364,1
./image_0319.jpg 316,272,366,369,0
./image_0320.jpg 1,268,169,498,0
./image_0321.jpg 540,273,578,343,0 289,279,308,316,0 313,277,338,324,0 320,256,332,267,0
./image_0322.jpg 28,266,116,412,0
./image_0323.jpg 394,286,589,600,0
./image_0324.jpg 125,163,205,278,0
./image_0325.jpg 381,296,436,372,0
./image_0326.jpg 332,298,557,600,0
./image_0327.jpg 228,236,254,297,0
./image_0328.jpg 73,283,110,355,0
./image_0329.jpg 59,160,176,298,0
./image_0330.jpg 376,285,410,344,1
./image_0331.jpg 369,268,488,569,0
./image_0332.jpg 431,295,459,345,1
./image_0333.jpg 316,242,401,349,1
./image_0334.jpg 624,193,800,600,0
./image_0335.jpg 555,283,600,380,1
./image_0336.jpg 349,280,389,382,1
./image_0337.jpg 351,280,411,378,1
./image_0338.jpg 377,286,402,349,1
./image_0339.jpg 11,185,142,327,0 339,234,557,593,1
./image_0340.jpg 358,241,471,433,1 529,279,560,399,1
./image_0341.jpg 323,196,529,541,1 0,347,115,571,1
./image_0342.jpg 545,329,664,568,1
./image_0343.jpg 416,274,463,389,1
./image_0344.jpg 455,311,480,342,1 567,242,630,414,1
./image_0345.jpg 635,115,800,330,1
./image_0346.jpg 311,293,454,550,1
./image_0347.jpg 318,328,438,527,1
./image_0348.jpg 557,173,605,267,1 294,193,588,600,1 324,161,349,195,1
./image_0349.jpg 299,253,543,524,1 675,160,700,202,1
./image_0350.jpg 305,253,432,450,1
./image_0351.jpg 359,266,437,445,1
./image_0352.jpg 347,270,444,385,1
./image_0353.jpg 147,281,239,450,1 320,276,422,387,1
./image_0354.jpg 256,300,358,546,0
./image_0355.jpg 341,225,393,371,0
./image_0356.jpg 364,279,439,408,1
./image_0357.jpg 391,310,466,412,1 69,227,108,281,1
./image_0358.jpg 338,271,426,384,1
./image_0359.jpg 372,269,423,393,1 31,303,66,351,1
./image_0360.jpg 344,255,414,402,1
./image_0361.jpg 259,235,386,499,1
./image_0362.jpg 576,253,713,443,1 356,270,473,517,1 151,217,174,240,0
./image_0363.jpg 350,248,493,556,1 504,111,554,202,1 247,131,256,154,0 540,201,557,220,0
./image_0364.jpg 417,242,440,290,0 333,259,410,435,1
./image_0365.jpg 371,266,435,398,0
./image_0366.jpg 347,222,476,502,1
./image_0367.jpg 345,247,428,440,1 77,297,115,357,1
./image_0368.jpg 373,269,426,376,1
./image_0369.jpg 404,293,474,411,0
./image_0370.jpg 370,272,426,416,0 571,295,688,442,0
./image_0371.jpg 145,134,233,284,1 339,222,576,555,0
./image_0372.jpg 296,231,462,549,0
./image_0373.jpg 311,257,445,481,0
./image_0374.jpg 333,271,431,450,0 439,155,457,183,1
./image_0375.jpg 411,276,486,402,1 495,185,514,213,0
./image_0376.jpg 374,276,430,407,1 228,189,246,232,0
./image_0377.jpg 353,275,426,401,0 63,252,105,305,1
./image_0378.jpg 377,270,431,394,0
./image_0379.jpg 354,289,408,418,0
./image_0380.jpg 308,253,463,579,0
./image_0381.jpg 362,266,485,495,0
./image_0382.jpg 332,273,448,489,0
./image_0383.jpg 300,264,463,502,0
./image_0384.jpg 366,271,487,512,0
./image_0385.jpg 350,259,444,504,0 293,237,319,274,0
./image_0386.jpg 431,287,583,489,0
./image_0387.jpg 409,271,611,503,0
./image_0388.jpg 358,330,472,496,1
./image_0389.jpg 344,249,447,433,1
./image_0390.jpg 257,254,401,526,0
./image_0391.jpg 359,239,476,429,0
./image_0392.jpg 357,275,567,477,0
./image_0393.jpg 302,238,430,436,0
./image_0394.jpg 342,194,454,446,0
./image_0395.jpg 421,261,521,510,0
./image_0396.jpg 356,209,469,414,0
./image_0397.jpg 271,272,438,503,0
./image_0398.jpg 371,206,439,364,0
./image_0399.jpg 331,203,400,360,0 139,279,166,317,1
./image_0400.jpg 392,291,415,349,1
./image_0401.jpg 0,302,36,409,1
./image_0402.jpg 355,284,390,373,1 552,315,612,415,1 489,257,519,300,1
./image_0403.jpg 377,262,456,475,1 533,223,603,338,1
./image_0404.jpg 340,268,439,484,1
./image_0405.jpg 317,264,417,419,1 240,255,294,334,1
./image_0406.jpg 328,273,463,562,1 268,227,295,271,0
./image_0407.jpg 365,267,470,480,1 223,226,250,270,0
./image_0408.jpg 343,264,442,470,0
./image_0409.jpg 318,285,447,567,0
./image_0410.jpg 296,272,452,498,0
./image_0411.jpg 371,279,519,517,0
./image_0412.jpg 377,257,538,519,0
./image_0413.jpg 359,261,525,496,0
./image_0414.jpg 295,269,446,502,0
./image_0415.jpg 367,262,495,453,1
./image_0416.jpg 341,293,508,558,1
./image_0417.jpg 355,271,488,500,1
./image_0418.jpg 269,261,407,526,1
./image_0419.jpg 316,269,490,471,1
./image_0420.jpg 328,267,463,505,1
./image_0421.jpg 347,268,466,486,0
./image_0422.jpg 392,260,512,526,0 617,243,648,285,0
./image_0423.jpg 269,263,397,508,0 449,250,483,301,0
./image_0424.jpg 357,222,471,461,1
./image_0425.jpg 321,275,449,355,1
./image_0426.jpg 337,271,459,508,1
./image_0427.jpg 420,263,519,478,1
./image_0428.jpg 366,243,549,599,1
./image_0429.jpg 393,257,588,489,1
./image_0430.jpg 353,262,455,482,1
./image_0431.jpg 323,279,401,371,1 361,280,515,478,1
./image_0432.jpg 330,239,436,423,1
./image_0433.jpg 153,272,207,380,1 311,273,495,498,1
./image_0434.jpg 326,264,445,504,1
./image_0435.jpg 314,273,416,483,1 14,243,54,270,1
./image_0436.jpg 306,265,439,540,1
./image_0437.jpg 370,269,504,530,1 533,173,575,238,1
./image_0438.jpg 327,229,438,443,1
./image_0439.jpg 323,262,443,486,1
./image_0440.jpg 275,286,453,538,1 207,235,240,285,1
./image_0441.jpg 340,268,460,430,1
./image_0442.jpg 333,269,448,423,1
./image_0443.jpg 325,269,437,514,1
./image_0444.jpg 293,267,441,514,1
./image_0445.jpg 381,260,521,514,0
./image_0446.jpg 374,264,525,503,0
./image_0447.jpg 365,263,464,497,0
./image_0448.jpg 322,259,459,455,0 636,232,722,368,0 632,187,654,229,1
./image_0449.jpg 391,239,511,465,0
./image_0450.jpg 318,275,427,475,0 412,203,441,259,0
./image_0451.jpg 279,271,422,575,0
./image_0452.jpg 301,269,421,552,0
./image_0453.jpg 332,279,464,429,0
./image_0454.jpg 355,283,493,481,0
./image_0455.jpg 35,147,149,247,0 341,240,378,271,0
./image_0456.jpg 0,287,146,476,0 343,267,383,327,1
./image_0457.jpg 366,249,405,334,0
./image_0458.jpg 342,285,440,542,1
./image_0459.jpg 349,259,453,508,1
./image_0460.jpg 345,256,445,453,1 266,198,347,359,1
./image_0461.jpg 392,256,497,476,1 686,167,783,294,1
./image_0462.jpg 353,260,431,506,1
./image_0463.jpg 365,259,479,481,1 579,239,633,291,1
./image_0464.jpg 326,286,459,600,1 448,250,504,332,1
./image_0465.jpg 314,223,443,427,1
./image_0466.jpg 330,259,452,430,1
./image_0467.jpg 337,268,445,428,1
./image_0468.jpg 338,276,473,514,1
./image_0469.jpg 379,271,532,475,1
./image_0470.jpg 344,266,460,484,1
./image_0471.jpg 353,254,458,422,1
./image_0472.jpg 327,250,455,433,1
./image_0473.jpg 354,267,461,456,0
./image_0474.jpg 283,273,466,479,0
./image_0475.jpg 266,266,423,495,0 542,325,594,416,0
./image_0476.jpg 193,223,223,264,1 346,258,436,495,0
./image_0477.jpg 312,256,466,470,0 22,145,46,178,0
./image_0478.jpg 281,272,417,466,0 469,256,580,430,0
./image_0479.jpg 78,268,212,520,0 344,259,463,491,0 506,223,524,265,1
./image_0480.jpg 316,281,454,472,1 290,198,313,242,1
./image_0481.jpg 389,290,413,336,1
./image_0482.jpg 446,300,472,355,0
./image_0483.jpg 2,169,96,305,0
./image_0484.jpg 102,263,256,534,0 391,285,406,322,1
./image_0485.jpg 315,236,410,484,0
./image_0486.jpg 428,315,454,349,1 398,284,419,316,1
./image_0487.jpg 370,247,514,548,0
./image_0488.jpg 352,265,462,486,0 52,215,76,240,0
./image_0489.jpg 299,275,434,527,0
./image_0490.jpg 282,262,411,475,0
./image_0491.jpg 320,275,439,520,0
./image_0492.jpg 323,184,480,599,1
./image_0493.jpg 304,266,439,459,1 545,196,601,306,1
./image_0494.jpg 345,260,442,450,1
./image_0495.jpg 389,261,473,486,1
./image_0496.jpg 162,274,416,514,1
./image_0497.jpg 326,241,471,521,1
./image_0498.jpg 247,280,430,470,1
./image_0499.jpg 341,281,433,458,1
./image_0500.jpg 322,257,437,406,1
./image_0501.jpg 288,276,410,531,0
./image_0502.jpg 319,248,447,428,0
./image_0503.jpg 320,284,468,590,1
./image_0504.jpg 271,258,405,461,1
./image_0505.jpg 285,261,416,464,1
./image_0506.jpg 343,246,449,424,1
./image_0507.jpg 344,245,501,461,1
./image_0508.jpg 453,137,576,332,0
./image_0509.jpg 190,263,259,352,0
./image_0510.jpg 261,280,307,376,1 313,280,344,344,1
./image_0511.jpg 449,253,504,346,0
./image_0512.jpg 375,220,446,326,0 138,216,191,307,1
./image_0513.jpg 594,229,628,292,0 102,226,192,317,0
./image_0514.jpg 634,227,682,303,0
./image_0515.jpg 375,283,418,379,1
./image_0516.jpg 485,7,619,276,0
./image_0517.jpg 625,325,800,529,0
./image_0518.jpg 385,282,412,329,1
./image_0519.jpg 399,283,422,335,1
./image_0520.jpg 271,260,395,581,0
./image_0521.jpg 358,271,498,475,0
./image_0522.jpg 292,256,447,498,0
./image_0523.jpg 361,282,390,333,1
./image_0524.jpg 399,289,416,313,1
./image_0525.jpg 478,272,546,384,1
./image_0526.jpg 271,304,304,367,0 419,273,436,295,1
./image_0527.jpg 326,294,355,347,0 455,292,475,327,0
./image_0528.jpg 399,289,419,327,0
./image_0529.jpg 381,258,410,302,0 490,258,510,292,0 642,261,667,304,0
./image_0530.jpg 313,268,353,330,0
./image_0531.jpg 423,210,489,291,0 240,230,271,270,0
./image_0532.jpg 367,251,395,299,0 288,223,310,253,0
./image_0533.jpg 532,248,588,319,0 314,220,339,256,0
./image_0534.jpg 529,196,566,242,0 383,254,403,282,0
./image_0535.jpg 486,192,539,280,0 272,297,301,340,0
./image_0536.jpg 402,268,464,379,1 286,273,317,332,1
./image_0537.jpg 328,251,446,426,0
./image_0538.jpg 646,216,712,305,0 308,229,487,522,0
./image_0539.jpg 334,247,476,439,0
./image_0540.jpg 335,259,440,404,1
./image_0541.jpg 398,299,494,407,1
./image_0542.jpg 415,265,440,319,0
./image_0543.jpg 135,273,180,339,0
./image_0544.jpg 33,320,103,440,0 111,308,230,554,0
./image_0545.jpg 386,264,437,373,1
./image_0546.jpg 365,241,470,482,0 260,252,352,414,0
./image_0547.jpg 384,251,479,436,0
./image_0548.jpg 343,262,493,525,0
./image_0549.jpg 350,255,468,476,0
./image_0550.jpg 290,273,419,526,0
./image_0551.jpg 331,236,447,489,0
./image_0552.jpg 373,283,459,487,0
./image_0553.jpg 400,264,492,464,0 573,208,621,282,0 637,181,670,233,0
./image_0554.jpg 338,281,429,484,0 511,261,551,343,0
./image_0555.jpg 392,268,546,471,1
./image_0556.jpg 356,260,429,441,1
./image_0557.jpg 358,269,433,498,1
./image_0558.jpg 331,269,437,510,1
./image_0559.jpg 333,258,456,431,1
./image_0560.jpg 350,285,442,517,1
./image_0561.jpg 348,274,529,533,0
./image_0562.jpg 344,267,449,520,0
./image_0563.jpg 401,294,445,348,0
./image_0564.jpg 334,247,435,476,1
./image_0565.jpg 52,222,150,387,0 574,217,683,406,0
./image_0566.jpg 12,200,141,376,0 486,208,557,351,0
./image_0567.jpg 372,203,443,341,0
./image_0568.jpg 111,346,193,470,0
./image_0569.jpg 320,279,363,372,0
./image_0570.jpg 390,330,464,446,0
./image_0571.jpg 295,182,405,457,1
./image_0572.jpg 353,286,387,340,0 425,291,445,320,1
./image_0573.jpg 407,273,490,411,0
./image_0574.jpg 129,271,201,411,0
./image_0575.jpg 44,244,178,494,0
./image_0576.jpg 363,288,425,379,1
./image_0577.jpg 342,257,386,328,1
./image_0578.jpg 386,253,442,308,1
./image_0579.jpg 356,255,437,428,1
./image_0580.jpg 490,293,521,355,1
./image_0581.jpg 339,304,413,461,1
./image_0582.jpg 317,200,572,600,1 0,65,122,373,1
./image_0583.jpg 415,293,457,361,1 360,270,400,328,1
./image_0584.jpg 327,255,450,429,1
./image_0585.jpg 318,252,455,429,1 591,300,727,417,1
./image_0586.jpg 304,256,445,467,0 689,258,800,397,0
./image_0587.jpg 325,271,435,425,1
./image_0588.jpg 185,255,491,596,0
./image_0589.jpg 243,273,403,481,0
./image_0590.jpg 316,269,445,478,0
./image_0591.jpg 47,224,106,309,0 350,254,424,429,0
./image_0592.jpg 339,268,443,404,0
./image_0593.jpg 331,268,484,482,0
./image_0594.jpg 335,259,460,434,1
./image_0595.jpg 254,270,424,477,0
./image_0596.jpg 308,259,426,458,1 250,174,293,255,1
./image_0597.jpg 275,269,450,485,0
./image_0598.jpg 382,252,480,480,0
./image_0599.jpg 298,289,442,510,0
./image_0600.jpg 383,270,482,467,0
./image_0601.jpg 351,247,459,457,0
./image_0602.jpg 336,249,476,436,0
./image_0603.jpg 324,260,497,461,0
./image_0604.jpg 365,265,540,475,0
./image_0605.jpg 331,254,446,486,0
./image_0606.jpg 300,281,427,503,0
./image_0607.jpg 356,261,492,463,0
./image_0608.jpg 351,271,494,499,0
./image_0609.jpg 339,258,439,486,0
./image_0610.jpg 311,269,427,487,0
./image_0611.jpg 331,273,461,466,0
./image_0612.jpg 357,269,485,521,0
./image_0613.jpg 247,274,449,465,0
./image_0614.jpg 306,271,487,452,0
./image_0615.jpg 275,229,371,459,0 476,251,540,365,0
./image_0616.jpg 262,285,287,318,0
./image_0617.jpg 360,268,407,341,0
./image_0618.jpg 156,379,280,563,0 330,271,473,539,0 276,293,319,347,1
./image_0619.jpg 339,247,464,437,0
./image_0620.jpg 336,248,452,430,0
./image_0621.jpg 355,271,483,502,0
./image_0622.jpg 693,162,770,252,0 501,166,539,240,0 398,199,463,317,0 161,280,437,599,0
./image_0623.jpg 334,253,456,415,1
./image_0624.jpg 318,255,465,436,1
./image_0625.jpg 339,255,446,430,1
./image_0626.jpg 323,246,453,433,1
./image_0627.jpg 252,211,320,334,0 341,264,452,471,0
./image_0628.jpg 401,217,494,404,1 754,181,791,221,1
./image_0629.jpg 377,269,479,468,1
./image_0630.jpg 356,267,446,448,1 643,252,682,302,1
./image_0631.jpg 284,264,445,481,1
./image_0632.jpg 343,267,469,441,1
./image_0633.jpg 358,264,478,466,1 600,232,628,272,1
./image_0634.jpg 349,295,464,473,1
./image_0635.jpg 380,248,532,600,0
./image_0636.jpg 328,281,441,464,0 399,127,452,233,0
./image_0637.jpg 329,251,438,424,0 475,334,680,564,0 459,119,496,208,0 627,139,693,234,1
./image_0638.jpg 349,277,435,404,1
./image_0639.jpg 358,265,404,358,1
./image_0640.jpg 281,266,340,402,1 189,274,253,371,1
./image_0641.jpg 387,284,527,514,0 285,277,302,296,0
./image_0642.jpg 266,267,457,475,0 601,214,634,270,0
./image_0643.jpg 275,270,407,501,0
./image_0644.jpg 357,264,501,492,0
./image_0645.jpg 338,262,452,434,1
./image_0646.jpg 318,259,474,439,1
./image_0647.jpg 347,247,460,436,0
./image_0648.jpg 327,255,447,431,0
./image_0649.jpg 326,236,493,455,0
./image_0650.jpg 316,254,468,445,0
./image_0651.jpg 330,259,456,441,0
./image_0652.jpg 335,257,448,436,0
./image_0653.jpg 176,281,213,353,1 282,262,427,477,1
./image_0654.jpg 307,253,423,507,1
./image_0655.jpg 283,262,475,488,1
./image_0656.jpg 382,258,457,490,1 283,196,320,258,1 323,194,356,258,1
./image_0657.jpg 107,219,177,303,1 264,223,302,297,1 362,256,447,472,1
./image_0658.jpg 97,256,212,410,1 270,262,416,492,1
./image_0659.jpg 355,267,444,510,1 208,240,262,370,1 110,223,147,299,1
./image_0660.jpg 307,266,450,479,1
./image_0661.jpg 343,264,474,494,1
./image_0662.jpg 355,262,485,506,1
./image_0663.jpg 283,282,424,506,1
./image_0664.jpg 341,259,535,478,1
./image_0665.jpg 342,262,449,427,0
./image_0666.jpg 322,253,469,433,0
./image_0667.jpg 292,261,423,514,0
./image_0668.jpg 329,254,423,461,0 653,207,710,261,0
./image_0669.jpg 333,262,460,407,0 671,190,718,248,0
./image_0670.jpg 264,253,391,489,0
./image_0671.jpg 333,258,451,420,0
./image_0672.jpg 369,280,475,533,1
./image_0673.jpg 409,278,516,524,1
./image_0674.jpg 341,221,429,436,1
./image_0675.jpg 376,272,501,512,0 125,111,143,142,0
./image_0676.jpg 325,273,440,496,0
./image_0677.jpg 350,249,442,482,0
./image_0678.jpg 376,266,525,525,0
./image_0679.jpg 306,268,448,481,0
./image_0680.jpg 357,262,489,513,0
./image_0681.jpg 242,271,463,578,1
./image_0682.jpg 299,251,414,580,0
./image_0683.jpg 1,135,239,536,0
./image_0684.jpg 626,272,689,402,0
./image_0685.jpg 301,282,338,372,0
./image_0686.jpg 395,291,416,325,1
./image_0687.jpg 715,213,800,316,0 358,292,369,315,0
./image_0688.jpg 356,265,457,435,0
./image_0689.jpg 328,248,474,432,1
./image_0690.jpg 338,249,446,427,1
./image_0691.jpg 333,246,450,430,0
./image_0692.jpg 338,247,452,424,0
./image_0693.jpg 380,245,492,444,0
./image_0694.jpg 324,250,444,419,0
./image_0695.jpg 345,253,472,453,0
./image_0696.jpg 331,211,476,406,1
./image_0697.jpg 323,220,436,421,1 591,133,712,304,1
./image_0698.jpg 328,275,425,534,1 460,173,491,247,1
./image_0699.jpg 314,258,443,469,1
./image_0700.jpg 254,218,439,436,0 495,209,525,250,0
./image_0701.jpg 168,195,199,236,0 346,272,454,465,0
./image_0702.jpg 295,269,413,528,0 685,255,704,280,0
./image_0703.jpg 332,261,430,487,1
./image_0704.jpg 319,261,421,464,1
./image_0705.jpg 109,134,145,199,0 304,238,341,318,1 338,267,444,533,1
./image_0706.jpg 336,268,464,418,0
./image_0707.jpg 339,270,470,439,0
./image_0708.jpg 355,266,448,433,0
./image_0709.jpg 318,261,467,440,0 179,224,221,292,0 24,230,80,293,0 533,249,560,284,0
./image_0710.jpg 250,278,375,498,1
./image_0711.jpg 344,266,515,533,1
./image_0712.jpg 300,267,426,490,1
./image_0713.jpg 344,260,474,436,0
./image_0714.jpg 382,207,491,432,1
./image_0715.jpg 343,259,436,525,1 16,268,176,502,1
./image_0716.jpg 349,277,431,521,1 500,228,556,324,1
./image_0717.jpg 349,272,436,452,1
./image_0718.jpg 372,269,487,481,1
./image_0719.jpg 368,255,498,466,1
./image_0720.jpg 327,262,455,500,1
./image_0721.jpg 332,254,447,421,1
./image_0722.jpg 335,256,445,427,0
./image_0723.jpg 185,256,272,366,1 379,267,526,447,1
./image_0724.jpg 190,261,260,348,1 324,274,432,497,1
./image_0725.jpg 394,273,533,489,0
./image_0726.jpg 354,274,457,530,0
./image_0727.jpg 337,266,434,473,0 79,248,183,364,0
./image_0728.jpg 18,251,115,398,0 376,260,510,497,0
./image_0729.jpg 386,268,499,521,0
./image_0730.jpg 340,250,425,470,0
./image_0731.jpg 353,290,495,513,0
./image_0732.jpg 290,278,425,508,0
./image_0733.jpg 339,259,497,490,0
./image_0734.jpg 288,262,445,450,0
./image_0735.jpg 404,294,429,351,1
./image_0736.jpg 94,289,171,446,1 354,277,470,530,0
./image_0737.jpg 356,277,452,482,1
./image_0738.jpg 318,262,495,462,0
./image_0739.jpg 339,261,447,432,0
./image_0740.jpg 307,267,442,509,0
./image_0741.jpg 320,250,419,433,1
./image_0742.jpg 338,265,443,417,0
./image_0743.jpg 332,258,445,426,1
./image_0744.jpg 338,272,442,416,0
./image_0745.jpg 255,271,402,489,0 77,154,107,174,0
./image_0746.jpg 338,266,434,475,0
./image_0747.jpg 346,250,469,457,1 467,175,478,198,0
./image_0748.jpg 328,271,435,496,0
./image_0749.jpg 230,262,429,507,0
./image_0750.jpg 339,255,443,483,0
./image_0751.jpg 292,262,445,533,0
./image_0752.jpg 394,264,559,516,1
./image_0753.jpg 289,219,413,423,0
./image_0754.jpg 409,226,513,495,0
./image_0755.jpg 326,271,443,485,0
./image_0756.jpg 337,260,445,417,0
./image_0757.jpg 362,234,550,492,1
./image_0758.jpg 316,224,460,518,1
./image_0759.jpg 293,250,476,514,1
./image_0760.jpg 315,266,440,534,1
./image_0761.jpg 335,259,453,524,1
./image_0762.jpg 348,256,438,493,1
./image_0763.jpg 349,257,472,431,1
./image_0764.jpg 338,252,453,436,1
./image_0765.jpg 290,215,380,401,0
./image_0766.jpg 301,269,341,355,0
./image_0767.jpg 373,253,411,319,1
./image_0768.jpg 271,277,402,509,0 304,220,333,256,0
./image_0769.jpg 274,267,405,527,0
./image_0770.jpg 294,262,477,513,0
./image_0771.jpg 318,265,455,505,0
./image_0772.jpg 409,263,481,493,1 325,259,364,337,1 16,252,81,313,1
./image_0773.jpg 267,266,460,477,0
./image_0774.jpg 347,276,476,483,0
./image_0775.jpg 299,258,422,530,0
./image_0776.jpg 333,264,446,476,0
./image_0777.jpg 329,239,446,426,1
./image_0778.jpg 337,263,426,496,1
./image_0779.jpg 343,265,439,489,1 425,224,459,288,1
./image_0780.jpg 334,265,436,468,1
./image_0781.jpg 391,258,488,462,0
./image_0782.jpg 338,203,421,390,0
./image_0783.jpg 310,265,469,514,0
./image_0784.jpg 260,255,402,477,0
./image_0785.jpg 378,257,463,418,1 554,207,659,366,1
./image_0786.jpg 321,260,445,468,1
./image_0787.jpg 327,257,445,422,1
./image_0788.jpg 342,260,472,436,1
./image_0789.jpg 366,260,495,484,1
./image_0790.jpg 359,228,481,427,1
./image_0791.jpg 324,234,425,426,1
./image_0792.jpg 339,248,449,435,1
./image_0793.jpg 345,201,459,440,1
./image_0794.jpg 323,251,445,450,1
./image_0795.jpg 201,207,246,306,1 305,235,465,482,1
./image_0796.jpg 344,277,440,443,1 62,220,131,316,1
./image_0797.jpg 733,171,773,234,1
./image_0798.jpg 369,264,424,329,1
./image_0799.jpg 568,259,665,402,1 400,281,427,337,0
./image_0800.jpg 529,256,617,396,1 380,281,410,338,0 312,294,333,336,0
./image_0801.jpg 332,243,364,274,1
./image_0802.jpg 378,258,466,406,1
./image_0803.jpg 311,267,379,416,1
./image_0804.jpg 265,242,364,351,1
./image_0805.jpg 365,268,417,376,0
./image_0806.jpg 389,281,407,323,0
./image_0807.jpg 384,285,405,320,0 260,276,333,474,1
./image_0808.jpg 305,275,433,476,0
./image_0809.jpg 272,278,415,477,0
./image_0810.jpg 335,265,435,473,0
./image_0811.jpg 305,274,449,541,1
./image_0812.jpg 176,273,255,381,1 236,271,349,494,1
./image_0813.jpg 307,268,434,486,1 449,228,520,361,1 523,222,592,327,1
./image_0814.jpg 329,265,451,481,0
./image_0815.jpg 349,259,452,470,0 228,208,273,299,1
./image_0816.jpg 323,246,441,420,1
./image_0817.jpg 342,258,463,438,1
./image_0818.jpg 396,289,560,538,1
./image_0819.jpg 243,277,311,375,1 402,274,524,484,1
./image_0820.jpg 250,273,399,521,1
./image_0821.jpg 362,299,477,517,0
./image_0822.jpg 283,262,435,467,0
./image_0823.jpg 332,268,520,490,0
./image_0824.jpg 337,239,455,483,1
./image_0825.jpg 413,254,585,540,1 249,226,290,280,1
./image_0826.jpg 319,218,353,273,1 432,258,555,434,1
./image_0827.jpg 354,280,444,460,1
./image_0828.jpg 321,299,406,475,1
./image_0829.jpg 372,240,446,459,1
./image_0830.jpg 334,246,412,432,1 582,149,625,223,1 45,171,109,274,1
./image_0831.jpg 347,270,456,446,1 669,204,732,293,1
./image_0832.jpg 289,266,451,459,1 434,194,467,252,1
./image_0833.jpg 353,254,445,426,1
./image_0834.jpg 340,253,471,434,1 5,156,38,200,1
./image_0835.jpg 352,261,456,432,1
./image_0836.jpg 365,271,549,476,0
./image_0837.jpg 280,267,400,518,0
./image_0838.jpg 341,278,448,513,0
./image_0839.jpg 365,268,480,487,0
./image_0840.jpg 340,254,466,425,1 164,173,221,254,1
./image_0841.jpg 549,268,640,396,1 223,221,277,298,1
./image_0842.jpg 314,298,432,486,1 606,206,678,305,1
./image_0843.jpg 363,295,460,484,1 442,206,490,323,1
./image_0844.jpg 321,286,494,498,1
./image_0845.jpg 312,274,459,451,1
./image_0846.jpg 327,250,457,423,0
./image_0847.jpg 368,274,501,487,1
./image_0848.jpg 346,284,435,467,1
./image_0849.jpg 85,247,228,594,1 422,269,494,456,1
./image_0850.jpg 359,262,497,500,0
./image_0851.jpg 320,273,437,478,0 242,262,261,298,0
./image_0852.jpg 359,257,444,477,1 562,205,620,321,1
./image_0853.jpg 361,247,448,481,0 594,187,649,252,0
./image_0854.jpg 331,270,438,460,0 189,143,225,221,0
./image_0855.jpg 431,267,535,477,1 642,176,657,195,0
./image_0856.jpg 352,266,428,504,1 404,185,422,230,0
./image_0857.jpg 308,235,435,488,0
./image_0858.jpg 347,248,450,421,0
./image_0859.jpg 371,271,509,595,1
./image_0860.jpg 0,153,185,574,1 343,266,452,504,1 369,217,393,278,1
./image_0861.jpg 0,228,54,330,1 400,282,585,520,1 654,247,800,417,1
./image_0862.jpg 15,262,135,490,1 356,269,441,472,1 767,236,800,301,1
./image_0863.jpg 164,211,221,316,1 222,224,299,370,1 362,267,469,486,1
./image_0864.jpg 319,263,449,476,1
./image_0865.jpg 335,279,441,528,0
./image_0866.jpg 289,265,436,464,0
./image_0867.jpg 378,252,533,490,0
./image_0868.jpg 245,203,403,589,1
./image_0869.jpg 346,258,455,481,1
./image_0870.jpg 316,262,446,512,1 553,297,603,360,1 450,268,480,304,1
./image_0871.jpg 343,263,516,523,0
./image_0872.jpg 106,277,191,466,0 356,262,484,499,0
./image_0873.jpg 344,254,449,515,0 46,222,145,365,0 194,174,217,235,0 125,79,147,118,0
./image_0874.jpg 377,271,463,520,1
./image_0875.jpg 329,267,442,518,1
./image_0876.jpg 340,266,486,444,1 505,271,536,310,1
./image_0877.jpg 330,253,441,423,1
./image_0878.jpg 337,253,443,429,1
./image_0879.jpg 326,249,469,451,1 62,196,138,286,1
./image_0880.jpg 341,273,444,411,1 621,229,727,352,1
./image_0881.jpg 332,249,444,422,1
./image_0882.jpg 337,251,444,422,1
./image_0883.jpg 337,249,441,428,1 66,243,107,293,1
./image_0884.jpg 334,256,440,423,1 44,235,94,293,1
./image_0885.jpg 115,273,186,421,1 268,272,342,467,1 405,301,470,429,1 587,227,709,573,1
./image_0886.jpg 286,250,408,495,0 594,337,681,480,0
./image_0887.jpg 292,253,407,509,0 733,364,794,435,0 614,347,648,410,0 405,319,446,382,0
./image_0888.jpg 346,264,516,472,1
./image_0889.jpg 356,267,441,508,1
./image_0890.jpg 137,290,201,370,1 292,266,412,520,1
./image_0891.jpg 341,261,470,502,1 485,221,521,264,1
./image_0892.jpg 300,283,426,496,1
./image_0893.jpg 368,263,498,505,1
./image_0894.jpg 325,263,476,442,0
./image_0895.jpg 332,268,449,424,0
./image_0896.jpg 344,262,433,492,1
./image_0897.jpg 332,262,508,487,0
./image_0898.jpg 346,268,439,505,0
./image_0899.jpg 356,260,454,488,1 452,256,515,392,1
./image_0900.jpg 330,266,438,496,1
./image_0901.jpg 342,268,427,511,1
./image_0902.jpg 349,269,484,508,1 598,256,717,433,1
./image_0903.jpg 109,256,233,420,1 297,267,394,463,1 443,255,518,416,1
./image_0904.jpg 373,266,468,477,1
./image_0905.jpg 343,253,463,436,1
./image_0906.jpg 127,259,249,453,0 297,284,430,528,0
./image_0907.jpg 350,276,462,516,0
./image_0908.jpg 342,270,442,430,1
./image_0909.jpg 335,252,444,412,1 672,232,761,337,1
./image_0910.jpg 360,252,447,482,0
./image_0911.jpg 23,307,113,387,0 79,273,137,333,0 374,287,501,442,0
./image_0912.jpg 363,271,463,460,0
./image_0913.jpg 369,287,472,482,0 349,174,402,264,0
./image_0914.jpg 314,281,426,485,1
./image_0915.jpg 260,276,428,480,1 387,234,420,294,1 474,234,511,316,1
./image_0916.jpg 117,241,271,566,1 432,247,535,429,1
./image_0917.jpg 293,271,433,537,0 522,293,578,355,0 667,290,729,377,0
./image_0918.jpg 284,272,473,493,0
./image_0919.jpg 323,266,430,518,0 636,305,681,370,0 696,307,733,364,0
./image_0920.jpg 366,227,490,474,1
./image_0921.jpg 380,259,552,454,1
./image_0922.jpg 385,259,489,482,1
./image_0923.jpg 353,264,464,536,1
./image_0924.jpg 328,254,428,470,1
./image_0925.jpg 341,267,434,461,0
./image_0926.jpg 225,239,296,374,0 382,274,531,487,0
./image_0927.jpg 384,278,525,497,1 250,224,291,317,1
./image_0928.jpg 311,289,425,482,0 375,205,400,258,0
./image_0929.jpg 261,252,402,481,0 576,106,607,173,0
./image_0930.jpg 290,272,414,468,0 413,209,447,280,0
./image_0931.jpg 371,254,488,454,0
./image_0932.jpg 358,257,469,494,0
./image_0933.jpg 103,236,208,387,1 313,238,375,386,1 249,210,285,273,1 211,182,250,243,1
./image_0934.jpg 72,194,154,372,1 234,195,318,356,1
./image_0935.jpg 348,264,433,482,1 535,285,636,412,1 299,195,337,275,1 22,186,118,318,1
./image_0936.jpg 297,275,428,490,0
./image_0937.jpg 333,259,449,428,0
./image_0938.jpg 345,265,445,472,1 531,276,683,493,1
./image_0939.jpg 265,272,444,507,0
./image_0940.jpg 393,296,571,554,0 614,407,673,504,0
./image_0941.jpg 316,260,424,530,0
./image_0942.jpg 338,274,463,470,0 136,223,177,303,0
./image_0943.jpg 327,250,455,446,1 233,205,358,431,1
./image_0944.jpg 278,298,417,489,0 544,289,591,394,0
./image_0945.jpg 237,247,377,497,0 533,187,597,275,0
./image_0946.jpg 361,262,471,502,0 467,251,523,368,0 518,273,669,515,0
./image_0947.jpg 328,274,447,511,0 471,243,527,346,0
./image_0948.jpg 360,259,470,498,0
./image_0949.jpg 388,267,504,457,1
./image_0950.jpg 354,270,452,458,1
./image_0951.jpg 246,264,376,509,1
./image_0952.jpg 346,275,440,492,1
./image_0953.jpg 211,162,534,585,1
./image_0954.jpg 341,257,449,472,1
./image_0955.jpg 288,265,421,464,1
./image_0956.jpg 332,260,428,496,1
./image_0957.jpg 179,280,285,582,1 477,282,580,476,1
./image_0958.jpg 378,274,498,495,0
./image_0959.jpg 345,257,474,463,0 601,148,715,313,0
./image_0960.jpg 382,268,476,517,1 205,255,269,386,1
./image_0961.jpg 383,274,549,487,1
./image_0962.jpg 69,254,149,381,1 351,270,440,538,1
./image_0963.jpg 323,263,475,438,0
./image_0964.jpg 208,261,355,529,1 358,261,483,496,1
./image_0965.jpg 278,259,411,469,1 530,215,573,306,1 445,191,470,242,1 333,198,350,240,1 311,192,327,218,1
./image_0966.jpg 340,262,470,420,0 663,198,758,297,0
./image_0967.jpg 258,225,304,294,0 349,259,548,449,0
./image_0968.jpg 276,273,434,522,1
./image_0969.jpg 154,241,250,389,0 365,265,488,490,0
./image_0970.jpg 308,259,435,492,0
./image_0971.jpg 333,269,443,414,1
./image_0972.jpg 372,262,450,492,1 501,226,519,249,0
./image_0973.jpg 315,240,523,493,1 214,228,306,399,1
./image_0974.jpg 288,259,475,481,1
./image_0975.jpg 362,224,492,410,1
./image_0976.jpg 0,234,61,566,1 216,295,285,415,1 355,273,438,472,1 494,316,540,441,1 694,248,800,600,1
./image_0977.jpg 362,253,451,440,1 433,196,464,280,1
./image_0978.jpg 231,307,403,511,1
./image_0979.jpg 328,255,476,431,0
./image_0980.jpg 147,240,193,315,1 367,268,515,505,1
./image_0981.jpg 325,254,473,447,0
./image_0982.jpg 326,272,447,490,0 133,218,179,283,0
./image_0983.jpg 351,269,521,478,1
./image_0984.jpg 195,264,241,336,0 357,263,493,497,0
./image_0985.jpg 355,293,463,490,0 538,252,593,357,0 596,214,647,268,0
./image_0986.jpg 330,272,456,498,0
./image_0987.jpg 355,276,485,471,0 532,259,605,381,0 756,214,793,270,0
./image_0988.jpg 333,258,527,466,0
./image_0989.jpg 312,263,422,533,0
./image_0990.jpg 266,269,449,470,0
./image_0991.jpg 370,262,519,520,0
./image_0992.jpg 395,263,549,491,0
./image_0993.jpg 304,268,433,520,1
./image_0994.jpg 315,261,438,479,1
./image_0995.jpg 328,258,433,507,1
./image_0996.jpg 326,266,446,452,0 551,199,652,366,0
./image_0997.jpg 263,267,429,482,0
./image_0998.jpg 351,262,449,478,0
./image_0999.jpg 324,270,451,430,0
./image_1000.jpg 330,257,441,456,0 572,290,702,431,0
./image_1001.jpg 335,268,471,489,0 369,90,420,191,0
./image_1002.jpg 376,264,519,474,0 193,217,265,327,0
./image_1003.jpg 411,285,500,478,1 0,270,232,600,1
./image_1004.jpg 335,263,442,506,0
./image_1005.jpg 299,252,431,474,0 647,345,715,483,0
./image_1006.jpg 303,264,427,478,0
./image_1007.jpg 282,265,393,480,1
./image_1008.jpg 334,265,473,430,1
./image_1009.jpg 95,235,162,354,0 378,254,492,479,0 325,244,353,313,0
./image_1010.jpg 328,293,445,473,0
./image_1011.jpg 198,247,282,443,0 335,260,441,470,0
./image_1012.jpg 385,250,468,433,1 356,114,386,195,1
./image_1013.jpg 374,267,468,498,1 455,234,494,320,0 403,102,439,178,1
./image_1014.jpg 359,277,497,489,1
./image_1015.jpg 346,275,448,499,0
./image_1016.jpg 363,255,472,455,1
./image_1017.jpg 336,249,458,485,1
./image_1018.jpg 266,269,396,507,1
./image_1019.jpg 657,260,731,383,1 335,274,464,489,1
./image_1020.jpg 313,283,429,536,0 468,217,494,253,0
./image_1021.jpg 338,263,442,423,0
./image_1022.jpg 309,265,435,539,0 102,176,146,252,0
./image_1023.jpg 352,256,512,473,1
./image_1024.jpg 324,264,479,500,0
./image_1025.jpg 369,260,504,479,0
./image_1026.jpg 332,257,456,473,1
./image_1027.jpg 338,252,444,416,1
./image_1028.jpg 296,281,401,438,0
./image_1029.jpg 319,267,455,468,0
./image_1030.jpg 336,278,457,483,0
./image_1031.jpg 335,272,445,489,0
./image_1032.jpg 294,274,429,461,0
./image_1033.jpg 314,252,551,514,0
./image_1034.jpg 275,250,429,532,0
./image_1035.jpg 327,263,452,486,0 625,335,661,398,0
./image_1036.jpg 223,265,395,523,0 585,265,623,343,0
./image_1037.jpg 344,269,512,502,0 181,257,226,343,0
./image_1038.jpg 404,264,523,454,1
./image_1039.jpg 328,263,422,517,1
./image_1040.jpg 362,257,491,454,1
./image_1041.jpg 383,255,484,479,1
./image_1042.jpg 277,274,506,501,0
./image_1043.jpg 391,308,472,496,1
./image_1044.jpg 352,260,438,485,1
./image_1045.jpg 382,261,466,447,0
./image_1046.jpg 326,262,468,530,0
./image_1047.jpg 338,264,429,476,0 238,245,265,305,0
./image_1048.jpg 354,256,447,482,0 213,202,263,297,0
./image_1049.jpg 0,335,112,519,0 392,258,471,451,0
./image_1050.jpg 376,255,490,476,0 636,208,672,265,0
./image_1051.jpg 397,275,514,492,0
./image_1052.jpg 344,263,486,491,0 309,235,359,316,0
./image_1053.jpg 330,254,459,416,1
./image_1054.jpg 337,258,442,414,1
./image_1055.jpg 342,266,442,421,1
./image_1056.jpg 386,254,481,443,0 541,204,577,272,0 586,190,608,243,0
./image_1057.jpg 289,250,430,509,0 442,195,481,271,0
./image_1058.jpg 368,243,450,437,0 416,140,455,230,0 277,119,323,184,0
./image_1059.jpg 131,264,286,576,1 443,282,552,472,1
./image_1060.jpg 280,262,384,468,0
./image_1061.jpg 327,254,459,449,1
./image_1062.jpg 258,264,399,486,0 402,237,431,299,0
./image_1063.jpg 333,264,441,425,1
./image_1064.jpg 262,266,487,524,0
./image_1065.jpg 246,250,412,472,1
./image_1066.jpg 309,275,461,458,1
./image_1067.jpg 287,260,418,504,1
./image_1068.jpg 300,261,415,496,1
./image_1069.jpg 436,262,571,470,0
./image_1070.jpg 309,265,443,493,1
./image_1071.jpg 331,248,444,431,0
./image_1072.jpg 328,250,459,426,0 683,162,741,220,0
./image_1073.jpg 329,261,457,420,0 626,240,778,401,0
./image_1074.jpg 354,267,469,491,1 39,326,72,371,0
./image_1075.jpg 324,263,409,421,1 627,248,678,367,1
./image_1076.jpg 342,285,419,536,1 560,262,588,313,1
./image_1077.jpg 328,239,456,484,1
./image_1078.jpg 368,269,499,472,1
./image_1079.jpg 337,257,438,431,1
./image_1080.jpg 340,277,451,506,1
./image_1081.jpg 307,272,437,513,1
./image_1082.jpg 317,259,411,459,0
./image_1083.jpg 0,316,122,476,0 165,275,255,378,0 282,271,402,472,0 599,295,688,431,0
./image_1084.jpg 339,250,446,418,0
./image_1085.jpg 360,252,456,454,1 260,202,277,230,1
./image_1086.jpg 362,273,489,504,1
./image_1087.jpg 378,267,516,492,1
./image_1088.jpg 379,334,464,485,1 528,238,547,266,0
./image_1089.jpg 338,250,451,437,0
./image_1090.jpg 341,277,431,496,0 451,174,486,260,0
./image_1091.jpg 342,274,440,502,0 554,218,672,419,0
./image_1092.jpg 339,255,444,431,1
./image_1093.jpg 379,260,471,472,1
./image_1094.jpg 344,270,533,464,1 468,251,484,293,1
./image_1095.jpg 262,254,422,452,1
./image_1096.jpg 327,259,439,466,1 294,199,321,253,1
./image_1097.jpg 337,278,458,519,1
./image_1098.jpg 341,268,419,529,1
./image_1099.jpg 319,196,442,386,0 254,411,357,572,0
./image_1100.jpg 315,245,446,435,0
./image_1101.jpg 377,269,523,526,0
./image_1102.jpg 301,255,431,519,0
./image_1103.jpg 291,228,431,428,0
./image_1104.jpg 287,265,444,496,1 536,210,595,298,1
./image_1105.jpg 341,266,445,469,1
./image_1106.jpg 371,259,463,444,0 474,226,509,297,0 557,232,616,342,0
./image_1107.jpg 324,274,443,536,1
./image_1108.jpg 251,275,372,537,1 39,226,80,281,1 138,218,162,259,1
./image_1109.jpg 369,260,543,479,0 120,249,189,328,0
./image_1110.jpg 327,264,448,494,0
./image_1111.jpg 372,265,504,528,0
./image_1112.jpg 334,266,506,479,1
./image_1113.jpg 313,268,426,452,1 86,257,159,378,1
./image_1114.jpg 311,267,420,513,1 484,253,516,313,1
./image_1115.jpg 296,274,432,479,1
./image_1116.jpg 274,267,412,488,0
./image_1117.jpg 302,261,421,450,0
./image_1118.jpg 334,268,467,494,1
./image_1119.jpg 354,268,449,524,1
./image_1120.jpg 326,256,464,431,1
./image_1121.jpg 337,252,443,430,1
./image_1122.jpg 347,251,467,467,0
./image_1123.jpg 46,196,158,413,1 332,251,444,415,1
./image_1124.jpg 334,249,447,422,1
./image_1125.jpg 334,253,455,434,1
./image_1126.jpg 106,244,279,566,1 432,272,544,454,1
./image_1127.jpg 335,265,455,493,1 565,240,643,393,1
./image_1128.jpg 260,256,370,398,1 416,264,541,503,1
./image_1129.jpg 354,252,495,493,1
./image_1130.jpg 340,246,449,422,1
./image_1131.jpg 321,263,400,462,1 657,264,781,392,1
./image_1132.jpg 308,247,424,537,0 635,264,783,506,0
./image_1133.jpg 328,255,471,439,1
./image_1134.jpg 337,258,440,436,1
./image_1135.jpg 339,281,470,508,1
./image_1136.jpg 63,289,128,392,1 358,262,468,517,1 140,253,172,318,1
./image_1137.jpg 9,236,106,331,1 189,229,238,323,1 325,262,425,404,1
./image_1138.jpg 326,272,429,515,1 566,210,603,285,1
./image_1139.jpg 347,268,432,473,1 552,220,581,292,1 640,214,683,285,1
./image_1140.jpg 348,275,437,489,0
./image_1141.jpg 368,274,475,562,1 359,179,383,234,1
./image_1142.jpg 349,263,539,487,1
./image_1143.jpg 353,272,430,480,1
./image_1144.jpg 358,262,473,477,1
./image_1145.jpg 342,267,485,484,1
./image_1146.jpg 398,268,559,457,1
./image_1147.jpg 201,306,405,512,1
./image_1148.jpg 379,264,499,451,0
./image_1149.jpg 297,266,470,492,0
./image_1150.jpg 354,270,563,524,0 552,277,627,357,0
./image_1151.jpg 202,226,244,301,1 349,268,453,496,1
./image_1152.jpg 290,252,485,506,1
./image_1153.jpg 334,266,444,488,1 572,243,646,392,1
./image_1154.jpg 395,273,600,484,1
./image_1155.jpg 329,277,444,515,1
./image_1156.jpg 378,279,489,501,0
./image_1157.jpg 347,273,448,478,1 526,267,604,464,1
./image_1158.jpg 108,263,187,418,1 372,276,582,513,1
./image_1159.jpg 349,269,426,506,1
./image_1160.jpg 361,268,452,488,1
./image_1161.jpg 278,271,412,471,0
./image_1162.jpg 355,271,505,500,0
./image_1163.jpg 361,270,509,499,1 585,244,609,274,0
./image_1164.jpg 391,254,479,494,1 243,223,286,283,1
./image_1165.jpg 294,275,429,501,1
./image_1166.jpg 348,262,490,492,1 100,271,138,318,1
./image_1167.jpg 291,265,426,465,1 515,175,540,236,1
./image_1168.jpg 268,261,430,491,1
./image_1169.jpg 309,277,427,493,1
./image_1170.jpg 239,269,430,487,0
./image_1171.jpg 345,262,501,477,0
./image_1172.jpg 351,272,553,479,0
./image_1173.jpg 374,276,527,514,0
./image_1174.jpg 395,244,548,484,0 277,349,313,417,0 88,285,122,334,0
./image_1175.jpg 279,266,429,493,1 512,280,544,323,1
./image_1176.jpg 291,265,419,479,1 482,267,515,313,1 649,254,701,341,1
./image_1177.jpg 336,273,463,489,0
./image_1178.jpg 319,248,467,471,0
./image_1179.jpg 332,267,437,498,0
./image_1180.jpg 279,250,453,503,1 102,203,185,306,1
./image_1181.jpg 408,243,494,421,0
./image_1182.jpg 399,268,528,476,1
./image_1183.jpg 392,268,493,478,1
./image_1184.jpg 284,267,423,469,1
./image_1185.jpg 263,267,408,486,1
./image_1186.jpg 352,271,496,494,0 773,282,800,313,1
./image_1187.jpg 330,264,453,479,1
./image_1188.jpg 371,271,485,527,1
./image_1189.jpg 345,238,444,444,1
./image_1190.jpg 288,282,391,508,1
./image_1191.jpg 335,251,443,422,1
./image_1192.jpg 408,233,536,500,1
./image_1193.jpg 328,261,522,465,0 468,228,503,275,0
./image_1194.jpg 346,263,438,471,0
./image_1195.jpg 323,267,430,523,0
./image_1196.jpg 362,243,485,449,0
./image_1197.jpg 289,219,402,431,0
./image_1198.jpg 302,252,430,506,0 520,331,567,438,0
./image_1199.jpg 375,240,498,486,0
./image_1200.jpg 326,253,448,426,0 38,82,283,587,0
./image_1201.jpg 379,254,496,500,0
./image_1202.jpg 373,253,466,460,0
./image_1203.jpg 45,327,87,406,0 359,273,519,463,0
./image_1204.jpg 158,235,259,371,1 324,260,439,423,1
./image_1205.jpg 332,254,462,515,0
./image_1206.jpg 311,262,443,496,1
./image_1207.jpg 290,266,391,491,1 577,217,599,255,1 587,263,756,598,1
./image_1208.jpg 341,279,442,497,1
./image_1209.jpg 363,251,474,434,1
./image_1210.jpg 295,320,410,511,0
./image_1211.jpg 311,265,502,529,0
./image_1212.jpg 320,269,443,457,0
./image_1213.jpg 328,261,473,427,1
./image_1214.jpg 329,254,473,428,1
./image_1215.jpg 331,256,440,423,1
./image_1216.jpg 380,272,518,492,0
./image_1217.jpg 330,255,457,420,0 566,212,638,329,1
./image_1218.jpg 376,251,446,439,0 523,262,543,307,0 573,259,602,307,0
./image_1219.jpg 349,252,520,451,0
./image_1220.jpg 331,269,449,418,0
./image_1221.jpg 342,242,431,413,1 231,253,279,336,1
./image_1222.jpg 348,272,447,500,1
./image_1223.jpg 327,249,443,456,0
./image_1224.jpg 381,271,529,498,1
./image_1225.jpg 344,262,557,539,1 235,224,292,323,1
./image_1226.jpg 331,259,449,423,0
./image_1227.jpg 344,255,446,427,0 490,192,512,226,0
./image_1228.jpg 326,275,458,468,1
./image_1229.jpg 282,270,420,504,1
./image_1230.jpg 319,281,434,512,1
./image_1231.jpg 291,280,458,506,1
./image_1232.jpg 322,263,472,443,0
./image_1233.jpg 334,261,449,425,0
./image_1234.jpg 36,262,136,393,0 333,263,464,437,0
./image_1235.jpg 379,243,485,464,0 483,196,507,228,0 424,197,441,226,0 187,207,206,243,0
./image_1236.jpg 41,248,94,308,0 188,238,232,291,0 250,276,405,489,0
./image_1237.jpg 342,268,458,430,0
./image_1238.jpg 347,273,448,414,0 645,243,755,386,0
./image_1239.jpg 324,271,438,504,1
./image_1240.jpg 340,267,502,494,1
./image_1241.jpg 351,266,453,502,0 693,224,748,326,0
./image_1242.jpg 314,264,426,467,0 443,97,490,200,0
./image_1243.jpg 354,270,473,516,0
./image_1244.jpg 373,272,486,521,0 332,254,356,314,0
./image_1245.jpg 319,333,445,477,0
./image_1246.jpg 323,285,455,451,0
./image_1247.jpg 298,270,449,482,0
./image_1248.jpg 385,254,493,469,0
./image_1249.jpg 85,240,132,352,1 275,266,448,496,1 572,260,671,455,1
./image_1250.jpg 361,262,461,437,1
./image_1251.jpg 344,269,445,433,0
./image_1252.jpg 333,273,439,411,1
./image_1253.jpg 325,250,442,415,0
./image_1254.jpg 337,249,443,414,0 590,241,660,340,0
./image_1255.jpg 563,249,584,298,1 259,249,277,289,1 303,272,445,518,1
./image_1256.jpg 330,285,435,533,1
./image_1257.jpg 280,274,455,495,1
./image_1258.jpg 217,280,417,532,1
./image_1259.jpg 343,267,443,419,0
./image_1260.jpg 340,279,438,411,0 110,231,185,331,0
./image_1261.jpg 395,262,458,448,1
./image_1262.jpg 381,272,516,498,1
./image_1263.jpg 379,272,441,470,1 433,264,469,340,1
./image_1264.jpg 128,297,179,355,0 333,271,441,407,0
./image_1265.jpg 325,201,482,444,0
./image_1266.jpg 329,275,435,505,1 227,265,263,313,1
./image_1267.jpg 131,259,209,394,1 335,276,438,502,1
./image_1268.jpg 353,258,472,433,1
./image_1269.jpg 252,248,371,450,0
./image_1270.jpg 329,253,435,486,0
./image_1271.jpg 334,274,435,505,0
./image_1272.jpg 323,244,438,424,1
./image_1273.jpg 361,350,468,524,1
./image_1274.jpg 332,264,448,499,1
./image_1275.jpg 335,271,441,505,1 552,270,673,510,1
./image_1276.jpg 334,270,441,503,1 551,267,674,511,1
./image_1277.jpg 344,268,453,489,1
./image_1278.jpg 344,248,454,430,0
./image_1279.jpg 45,265,167,514,0 288,251,406,470,0
./image_1280.jpg 316,268,436,506,0
./image_1281.jpg 160,328,219,417,1 328,281,472,515,0
./image_1282.jpg 341,258,471,423,1
./image_1283.jpg 37,130,99,200,0 335,266,522,499,0
./image_1284.jpg 363,260,483,496,0
./image_1285.jpg 323,275,436,499,0
./image_1286.jpg 356,269,453,459,0
./image_1287.jpg 382,272,517,451,0
./image_1288.jpg 329,259,454,442,0
./image_1289.jpg 340,255,443,427,1
./image_1290.jpg 326,272,458,508,1
./image_1291.jpg 309,277,439,512,1
./image_1292.jpg 348,250,520,537,0 70,192,106,267,0
./image_1293.jpg 336,259,449,429,0
./image_1294.jpg 330,259,442,421,1
./image_1295.jpg 343,258,445,419,0
./image_1296.jpg 380,265,471,499,1
./image_1297.jpg 342,266,446,429,0
./image_1298.jpg 325,262,463,437,0
./image_1299.jpg 340,258,439,428,1
./image_1300.jpg 351,264,489,496,1 561,293,610,359,1
./image_1301.jpg 407,274,557,469,1
./image_1302.jpg 336,257,449,484,1
./image_1303.jpg 365,267,464,482,1 342,220,373,282,0
./image_1304.jpg 330,226,445,418,1
./image_1305.jpg 330,208,445,434,1
./image_1306.jpg 339,259,474,459,1
./image_1307.jpg 321,261,434,506,0
./image_1308.jpg 292,255,430,522,0 706,306,729,325,0
./image_1309.jpg 243,266,414,515,0
./image_1310.jpg 372,265,507,500,1 205,256,230,295,1
./image_1311.jpg 375,264,482,476,1 166,254,197,320,1 238,254,265,299,1
./image_1312.jpg 344,259,448,428,1
./image_1313.jpg 310,258,437,480,0
./image_1314.jpg 364,269,505,482,0
./image_1315.jpg 319,265,449,494,0
./image_1316.jpg 332,249,463,437,0
./image_1317.jpg 277,278,462,519,1
./image_1318.jpg 333,269,435,496,1 519,248,555,323,1 489,235,512,281,1
./image_1319.jpg 391,263,505,494,1 220,320,251,365,1
./image_1320.jpg 288,263,398,486,1
./image_1321.jpg 291,259,403,497,1 661,200,684,232,1
./image_1322.jpg 264,238,362,425,0
./image_1323.jpg 382,272,518,508,0
./image_1324.jpg 329,264,454,434,0
./image_1325.jpg 337,262,437,482,1 0,231,24,272,1
./image_1326.jpg 343,262,446,433,0
./image_1327.jpg 298,256,447,518,1 604,278,642,358,1 719,290,753,328,1
./image_1328.jpg 89,305,156,428,0 419,257,555,503,0
./image_1329.jpg 365,264,491,512,0 213,252,288,343,0
./image_1330.jpg 73,274,138,379,0 344,256,493,461,0
./image_1331.jpg 338,260,450,428,1
./image_1332.jpg 311,264,434,487,1 128,225,202,341,1
./image_1333.jpg 372,261,464,490,0 490,258,603,487,0
./image_1334.jpg 302,261,415,482,0 565,220,613,312,0
./image_1335.jpg 331,255,465,430,0
./image_1336.jpg 367,269,459,491,1 651,125,688,183,0 537,138,557,185,0
./image_1337.jpg 343,268,458,465,1
./image_1338.jpg 272,273,416,500,1
./image_1339.jpg 342,271,446,422,0
./image_1340.jpg 380,267,539,466,1
./image_1341.jpg 286,265,412,498,1
./image_1342.jpg 355,268,474,485,1
./image_1343.jpg 351,252,451,486,1
./image_1344.jpg 346,262,469,484,1
./image_1345.jpg 292,267,438,491,1
./image_1346.jpg 344,267,470,507,1
./image_1347.jpg 386,267,509,445,1 623,277,719,391,1
./image_1348.jpg 375,299,405,364,0 706,300,731,347,0
./image_1349.jpg 320,331,345,378,1
./image_1350.jpg 349,269,442,506,1 275,307,309,379,0
./image_1351.jpg 314,274,447,502,1
./image_1352.jpg 262,275,368,469,1 138,290,205,393,1
./image_1353.jpg 361,284,471,486,1 630,252,692,379,1
./image_1354.jpg 371,266,446,480,1 347,265,375,317,0
./image_1355.jpg 324,252,401,437,1
./image_1356.jpg 347,273,452,503,1
./image_1357.jpg 342,265,466,509,0 42,284,201,497,0
./image_1358.jpg 327,275,478,480,0
./image_1359.jpg 8,97,123,287,1 318,210,418,447,1 676,310,800,486,1
./image_1360.jpg 329,250,458,429,1 467,269,543,371,1
./image_1361.jpg 202,215,238,261,0 312,256,383,459,0 462,213,480,249,0
./image_1362.jpg 307,263,439,468,1
./image_1363.jpg 287,273,453,472,0 425,209,464,258,0
./image_1364.jpg 283,267,402,475,0 646,207,678,257,0
./image_1365.jpg 403,267,494,451,0 472,187,509,235,0 535,188,564,241,0
./image_1366.jpg 111,214,156,295,0 361,268,521,485,0
./image_1367.jpg 344,264,446,448,0
./image_1368.jpg 314,262,471,467,0
./image_1369.jpg 299,260,367,466,1
./image_1370.jpg 306,271,417,453,1
./image_1371.jpg 390,280,534,493,0
./image_1372.jpg 360,257,433,436,0
./image_1373.jpg 251,302,287,367,1 370,262,506,474,0
./image_1374.jpg 333,252,445,416,1
./image_1375.jpg 371,266,493,503,1
./image_1376.jpg 335,258,451,552,0
./image_1377.jpg 381,265,514,497,0
./image_1378.jpg 373,271,573,488,0
./image_1379.jpg 261,266,412,459,0
./image_1380.jpg 365,263,462,468,0
./image_1381.jpg 346,273,506,457,0
./image_1382.jpg 355,270,443,459,0
./image_1383.jpg 391,262,459,461,1
./image_1384.jpg 407,275,559,485,1
./image_1385.jpg 208,267,359,524,1
./image_1386.jpg 294,271,431,491,0
./image_1387.jpg 326,262,425,434,0
./image_1388.jpg 292,268,458,501,0
./image_1389.jpg 274,317,429,527,0
./image_1390.jpg 343,253,442,417,1
./image_1391.jpg 357,251,455,432,1
./image_1392.jpg 349,255,445,425,1
./image_1393.jpg 355,258,449,429,1
./image_1394.jpg 356,254,510,484,1 298,217,331,270,1
./image_1395.jpg 329,277,512,524,0 0,263,60,404,0
./image_1396.jpg 190,232,211,260,1 318,277,455,491,1 419,256,564,455,1
./image_1397.jpg 350,276,455,521,1 540,249,555,271,1
./image_1398.jpg 336,279,453,513,1
./image_1399.jpg 282,290,422,501,1
./image_1400.jpg 282,287,415,519,1
./image_1401.jpg 269,268,424,445,1
./image_1402.jpg 334,269,430,493,1
./image_1403.jpg 300,274,429,515,1 532,225,592,324,1
./image_1404.jpg 350,264,461,489,1 239,247,277,318,1
./image_1405.jpg 372,271,491,488,1
./image_1406.jpg 306,268,431,513,1 611,279,643,360,1 664,279,693,336,1
./image_1407.jpg 315,277,439,530,1
./image_1408.jpg 259,268,394,495,1 416,239,442,302,1
./image_1409.jpg 348,269,480,499,1
./image_1410.jpg 351,273,482,527,1
./image_1411.jpg 332,265,443,503,1
./image_1412.jpg 346,267,528,512,1
./image_1413.jpg 361,266,511,478,1
./image_1414.jpg 271,267,437,486,1
./image_1415.jpg 379,260,501,477,1 707,257,761,309,1
./image_1416.jpg 100,268,233,487,1 311,313,666,387,1 444,249,634,542,1
./image_1417.jpg 298,271,438,461,0 0,152,18,201,0
./image_1418.jpg 416,267,501,469,1
./image_1419.jpg 258,270,413,541,1 610,239,688,390,1 716,230,791,349,1
./image_1420.jpg 284,282,434,515,1 424,277,559,559,1
./image_1421.jpg 349,262,466,469,1
./image_1422.jpg 393,248,493,441,1 626,124,666,197,1
./image_1423.jpg 367,266,484,507,1
./image_1424.jpg 374,267,536,470,1
./image_1425.jpg 319,258,438,495,1 213,263,233,303,0
./image_1426.jpg 393,269,602,489,1
./image_1427.jpg 315,268,463,459,1
./image_1428.jpg 235,276,416,481,0 635,265,738,397,0
./image_1429.jpg 394,280,551,510,0 564,244,623,321,0
./image_1430.jpg 338,260,458,497,1 745,289,794,366,1
./image_1431.jpg 351,259,452,479,1 181,281,227,348,1
./image_1432.jpg 341,268,435,467,0 268,254,310,338,0
./image_1433.jpg 308,263,442,468,0
./image_1434.jpg 388,266,478,469,0
./image_1435.jpg 347,250,453,426,1
./image_1436.jpg 348,249,461,431,1
./image_1437.jpg 376,259,520,448,1
./image_1438.jpg 421,268,550,472,0
./image_1439.jpg 338,260,458,435,0
./image_1440.jpg 315,267,466,472,1
./image_1441.jpg 302,296,414,540,1 509,220,569,307,1 326,193,342,226,1
./image_1442.jpg 325,267,470,466,0
./image_1443.jpg 332,253,448,413,0
./image_1444.jpg 351,250,446,422,0
./image_1445.jpg 168,265,259,404,1 311,300,438,495,1
./image_1446.jpg 323,286,443,528,1 480,212,513,290,1
./image_1447.jpg 274,286,446,583,1 433,206,486,321,1 602,219,634,293,1
./image_1448.jpg 18,228,87,331,1 320,261,437,484,1
./image_1449.jpg 38,227,76,289,1 182,221,221,307,1 378,265,493,486,1
./image_1450.jpg 307,268,458,468,1
./image_1451.jpg 292,277,435,473,1
./image_1452.jpg 96,168,235,380,1 386,263,527,450,1
./image_1453.jpg 375,271,525,470,1
./image_1454.jpg 339,283,425,517,0 449,275,518,436,0
./image_1455.jpg 328,274,437,530,0
./image_1456.jpg 200,267,227,326,0 289,269,319,309,0 313,282,410,499,0
./image_1457.jpg 273,230,454,494,0
./image_1458.jpg 304,250,442,524,1
./image_1459.jpg 385,260,508,529,1
./image_1460.jpg 298,268,419,505,1
./image_1461.jpg 371,267,495,477,1
./image_1462.jpg 341,249,470,440,1
./image_1463.jpg 354,253,455,424,1
./image_1464.jpg 329,263,455,468,1
./image_1465.jpg 293,281,419,500,1 741,340,786,388,1
./image_1466.jpg 327,264,447,473,0
./image_1467.jpg 374,250,467,422,1
./image_1468.jpg 342,273,479,526,1 160,243,186,286,1
./image_1469.jpg 340,284,441,578,1 242,236,272,286,1 108,238,138,283,1
./image_1470.jpg 341,304,442,465,1
./image_1471.jpg 359,272,488,468,1
./image_1472.jpg 317,312,435,491,0
./image_1473.jpg 339,233,480,419,0
./image_1474.jpg 345,249,443,404,0
./image_1475.jpg 333,245,465,441,1
./image_1476.jpg 353,291,456,521,1 498,187,551,276,1
./image_1477.jpg 363,290,480,508,1
./image_1478.jpg 339,267,468,433,1 51,292,201,458,1
./image_1479.jpg 388,270,579,452,0
./image_1480.jpg 342,270,449,505,0
./image_1481.jpg 357,269,450,427,1 611,237,719,397,1
./image_1482.jpg 342,259,471,426,1
./image_1483.jpg 346,259,450,422,1
./image_1484.jpg 113,342,230,479,1 346,287,449,495,1
./image_1485.jpg 300,260,439,478,0 619,315,781,473,0
./image_1486.jpg 52,268,154,446,1 343,282,454,491,1 474,278,675,550,1
./image_1487.jpg 333,257,462,430,1
./image_1488.jpg 334,260,472,435,1 270,212,302,269,1
./image_1489.jpg 217,198,320,345,1 359,281,524,495,1
./image_1490.jpg 239,280,443,500,1
./image_1491.jpg 420,269,586,506,1
./image_1492.jpg 383,276,599,531,1 1,253,36,308,1
./image_1493.jpg 363,265,482,495,1
./image_1494.jpg 277,271,422,505,1
./image_1495.jpg 331,240,414,436,1 311,117,367,188,1 190,119,223,191,1
./image_1496.jpg 315,295,442,518,0 265,191,320,290,0 374,171,412,247,0
./image_1497.jpg 326,247,439,453,1 218,201,267,314,1
./image_1498.jpg 368,286,516,499,0
./image_1499.jpg 283,268,425,495,1 664,250,724,367,1
./image_1500.jpg 277,268,464,463,1 412,236,453,327,1 701,251,799,373,1
./image_1501.jpg 388,210,401,245,1 363,257,444,484,1
./image_1502.jpg 335,272,465,506,0
./image_1503.jpg 342,250,523,450,0
./image_1504.jpg 356,274,534,490,0
./image_1505.jpg 355,275,483,524,1
./image_1506.jpg 517,181,548,254,1 346,245,473,442,1
./image_1507.jpg 246,304,401,510,1 550,198,658,364,1
./image_1508.jpg 352,254,483,475,1
./image_1509.jpg 299,262,431,495,0
./image_1510.jpg 356,247,455,452,0
./image_1511.jpg 367,282,477,521,0
./image_1512.jpg 336,233,536,483,0
./image_1513.jpg 366,253,457,436,0
./image_1514.jpg 280,269,416,488,0
./image_1515.jpg 339,271,437,481,0
./image_1516.jpg 288,256,414,536,0
./image_1517.jpg 234,269,423,485,0
./image_1518.jpg 291,276,420,458,0
./image_1519.jpg 365,273,485,443,0
./image_1520.jpg 309,244,439,406,0
./image_1521.jpg 350,311,466,549,1 296,285,344,347,1
./image_1522.jpg 365,265,450,506,1
./image_1523.jpg 369,264,525,506,1
./image_1524.jpg 349,261,441,529,1
./image_1525.jpg 326,268,426,528,1 554,259,577,303,1
./image_1526.jpg 331,270,448,494,0
./image_1527.jpg 348,269,453,510,0
./image_1528.jpg 337,262,420,462,1 89,259,138,343,1
./image_1529.jpg 316,274,448,515,1
./image_1530.jpg 365,254,475,449,1 530,259,570,354,1
./image_1531.jpg 354,268,452,464,1 560,169,618,262,1
./image_1532.jpg 358,307,469,529,1
./image_1533.jpg 278,278,390,490,1
./image_1534.jpg 391,268,510,503,1
./image_1535.jpg 356,270,447,452,1 562,258,604,346,1
./image_1536.jpg 344,268,434,491,1
./image_1537.jpg 329,269,472,445,0
./image_1538.jpg 336,267,443,417,0
./image_1539.jpg 315,267,426,571,1 515,261,560,354,1
./image_1540.jpg 338,263,460,500,1
./image_1541.jpg 348,264,444,492,1
./image_1542.jpg 384,265,500,489,1
./image_1543.jpg 347,275,560,499,0
./image_1544.jpg 352,289,457,506,1
./image_1545.jpg 354,263,500,468,1
./image_1546.jpg 271,290,407,471,1
./image_1547.jpg 342,265,446,485,1
./image_1548.jpg 322,262,433,478,0 448,275,599,553,0
./image_1549.jpg 352,263,429,501,1 661,268,694,305,1 449,268,474,325,1
./image_1550.jpg 328,263,429,499,1 659,271,698,347,1
./image_1551.jpg 326,261,428,500,1 40,241,128,358,1
./image_1552.jpg 380,258,478,483,1
./image_1553.jpg 338,265,458,497,1
./image_1554.jpg 333,264,478,491,1
./image_1555.jpg 323,277,440,524,1 184,209,230,304,1
./image_1556.jpg 337,263,448,435,0
./image_1557.jpg 322,260,479,441,0
./image_1558.jpg 388,277,523,527,1 101,241,183,323,1
./image_1559.jpg 313,194,437,508,1
./image_1560.jpg 333,272,433,493,1
./image_1561.jpg 352,250,465,453,1 103,175,159,288,1
./image_1562.jpg 341,247,470,430,1
./image_1563.jpg 346,272,446,416,0
./image_1564.jpg 319,286,414,437,1 689,224,800,429,1
./image_1565.jpg 345,270,444,415,0
./image_1566.jpg 327,262,473,431,0 208,91,282,233,0
./image_1567.jpg 357,253,449,464,1
./image_1568.jpg 349,255,437,468,1
./image_1569.jpg 320,291,461,508,1
./image_1570.jpg 168,257,243,386,1 367,278,485,495,1
./image_1571.jpg 13,104,105,248,1 342,281,442,484,1
./image_1572.jpg 330,270,445,419,1
./image_1573.jpg 0,85,246,595,1 349,257,449,431,1
./image_1574.jpg 346,273,448,512,1
./image_1575.jpg 354,268,492,497,1
./image_1576.jpg 381,270,462,495,1 712,296,753,352,1
./image_1577.jpg 340,259,472,433,1
./image_1578.jpg 336,259,440,416,1
./image_1579.jpg 343,268,439,419,1
./image_1580.jpg 325,228,509,538,1
./image_1581.jpg 326,285,440,541,0 470,237,595,380,0
./image_1582.jpg 215,247,451,520,0
./image_1583.jpg 307,265,431,496,1
./image_1584.jpg 360,273,452,531,1 645,286,724,403,1
./image_1585.jpg 381,277,496,503,0 618,292,661,355,0
./image_1586.jpg 182,263,310,468,1 316,272,455,476,1
./image_1587.jpg 377,273,544,490,1
./image_1588.jpg 244,266,393,482,1
./image_1589.jpg 335,257,443,512,1
./image_1590.jpg 372,257,484,535,1
./image_1591.jpg 285,261,411,569,1
./image_1592.jpg 333,264,444,498,1
./image_1593.jpg 323,270,427,502,1
./image_1594.jpg 371,247,481,439,1 555,233,579,280,1
./image_1595.jpg 323,268,423,519,1
./image_1596.jpg 295,275,432,512,0
./image_1597.jpg 329,263,433,513,0
./image_1598.jpg 329,267,529,491,1
./image_1599.jpg 322,279,428,518,1 498,207,545,274,1
./image_1600.jpg 336,258,452,430,1 65,254,218,400,1
./image_1601.jpg 356,265,479,500,0
./image_1602.jpg 353,266,501,521,0
./image_1603.jpg 387,264,534,479,0
./image_1604.jpg 370,271,499,479,0
./image_1605.jpg 332,268,472,432,0 153,168,203,236,1
./image_1606.jpg 366,281,478,511,1 207,234,250,328,1 285,218,332,287,1
./image_1607.jpg 297,269,434,492,1
./image_1608.jpg 359,217,461,467,1
./image_1609.jpg 316,278,420,523,1 461,211,504,306,1
./image_1610.jpg 341,218,437,446,1 519,287,567,397,1
./image_1611.jpg 376,261,478,495,0 597,269,635,346,0 702,270,765,386,0
./image_1612.jpg 270,284,447,525,0
./image_1613.jpg 356,266,494,490,1 508,296,623,409,1 516,237,552,315,1
./image_1614.jpg 410,274,536,520,0
./image_1615.jpg 329,262,491,500,0
./image_1616.jpg 349,260,420,483,0 479,211,500,252,0
./image_1617.jpg 276,217,305,274,0 365,267,470,493,0
./image_1618.jpg 352,270,461,498,0 528,154,561,233,1
./image_1619.jpg 330,275,435,501,1
./image_1620.jpg 345,265,484,479,0
./image_1621.jpg 289,265,455,474,0 535,265,641,443,0
./image_1622.jpg 342,268,524,487,0
./image_1623.jpg 316,271,415,492,1
./image_1624.jpg 300,220,419,451,1
./image_1625.jpg 253,269,401,520,0
./image_1626.jpg 354,262,467,491,0 584,274,645,391,0
./image_1627.jpg 379,268,530,521,0
./image_1628.jpg 360,269,487,481,1
./image_1629.jpg 256,266,415,472,1
./image_1630.jpg 365,276,461,483,1
./image_1631.jpg 346,265,451,427,0
./image_1632.jpg 350,253,449,419,0
./image_1633.jpg 304,308,430,537,1 345,206,368,272,1 444,202,476,269,1
./image_1634.jpg 333,265,467,516,1 283,271,326,361,1
./image_1635.jpg 334,274,501,495,1
./image_1636.jpg 389,269,555,484,0
./image_1637.jpg 314,263,414,466,0
./image_1638.jpg 346,274,436,524,0 439,244,470,314,0
./image_1639.jpg 172,258,240,402,0 289,267,434,483,0 444,252,491,344,0
./image_1640.jpg 295,274,452,483,1 605,274,743,463,1
./image_1641.jpg 339,270,446,533,1
./image_1642.jpg 377,267,541,478,1
./image_1643.jpg 353,270,476,532,0 150,307,193,377,0
./image_1644.jpg 277,267,407,547,1 664,249,691,307,1
./image_1645.jpg 312,282,415,555,1 539,229,556,269,1
./image_1646.jpg 135,253,186,325,0 324,264,467,439,0
./image_1647.jpg 338,271,442,448,0 627,267,706,352,0
./image_1648.jpg 339,260,452,435,0 271,236,303,286,0
./image_1649.jpg 381,305,504,508,0
./image_1650.jpg 293,268,408,521,0
./image_1651.jpg 308,268,407,478,0
./image_1652.jpg 347,265,435,475,0 308,251,343,350,0
./image_1653.jpg 339,277,495,537,0 507,217,535,271,0
./image_1654.jpg 335,258,441,425,1
./image_1655.jpg 347,266,445,426,0
./image_1656.jpg 274,259,399,425,1 539,281,644,402,1
./image_1657.jpg 274,265,409,512,1
./image_1658.jpg 275,273,429,487,1
./image_1659.jpg 269,280,413,511,0
./image_1660.jpg 375,280,475,480,0 536,252,602,363,0
./image_1661.jpg 354,238,461,447,1 598,165,647,285,0
./image_1662.jpg 301,277,484,501,1
./image_1663.jpg 336,290,469,529,1 455,219,480,272,1
./image_1664.jpg 302,265,407,466,1
./image_1665.jpg 310,275,435,489,1
./image_1666.jpg 347,287,474,512,1
./image_1667.jpg 326,272,431,503,1
./image_1668.jpg 280,266,439,456,0
./image_1669.jpg 252,296,424,475,0
./image_1670.jpg 275,285,407,472,0 566,211,610,321,0
./image_1671.jpg 364,274,501,508,0
./image_1672.jpg 359,269,445,459,0
./image_1673.jpg 344,273,462,482,0
./image_1674.jpg 376,261,448,472,1
./image_1675.jpg 298,257,432,454,1
./image_1676.jpg 340,265,464,475,1 493,412,550,521,1
./image_1677.jpg 345,261,448,417,1
./image_1678.jpg 292,255,451,467,1
./image_1679.jpg 217,262,428,471,1
./image_1680.jpg 267,268,405,477,1
./image_1681.jpg 328,277,453,535,1 470,247,491,305,1
./image_1682.jpg 245,266,434,497,1
./image_1683.jpg 140,194,172,248,1 169,72,265,241,1 369,255,442,444,1
./image_1684.jpg 310,256,402,483,1
./image_1685.jpg 337,244,446,421,1
./image_1686.jpg 354,264,475,536,0
./image_1687.jpg 355,261,470,467,1
./image_1688.jpg 220,268,399,500,1
./image_1689.jpg 254,281,440,509,1
./image_1690.jpg 380,279,541,474,1
./image_1691.jpg 320,289,447,521,1
./image_1692.jpg 326,292,436,463,1
./image_1693.jpg 343,270,496,470,1 700,247,724,292,1
./image_1694.jpg 346,311,480,535,1 46,233,99,304,1
./image_1695.jpg 345,273,443,524,1
./image_1696.jpg 309,270,430,472,0 437,258,489,350,0
./image_1697.jpg 205,280,258,362,0 335,235,473,503,0 768,322,788,359,0
./image_1698.jpg 281,263,418,499,0
./image_1699.jpg 359,244,483,434,1
./image_1700.jpg 356,256,453,433,1 504,109,567,226,1
./image_1701.jpg 316,213,509,535,0
./image_1702.jpg 341,266,442,484,1
./image_1703.jpg 309,237,342,314,1 352,263,452,454,1
./image_1704.jpg 138,275,202,371,1 366,271,515,467,1
./image_1705.jpg 379,265,498,489,0
./image_1706.jpg 328,262,455,515,0
./image_1707.jpg 272,265,429,533,0
./image_1708.jpg 355,265,478,487,0
./image_1709.jpg 346,270,451,459,0 449,198,505,323,0
./image_1710.jpg 364,257,443,483,1
./image_1711.jpg 288,263,431,479,1
./image_1712.jpg 330,279,458,498,1
./image_1713.jpg 403,263,508,455,0
./image_1714.jpg 372,274,456,471,0
./image_1715.jpg 367,276,480,522,0
./image_1716.jpg 244,276,424,519,0 465,146,494,203,0
./image_1717.jpg 435,268,556,447,1
./image_1718.jpg 333,289,428,482,1
./image_1719.jpg 378,272,540,498,1
./image_1720.jpg 369,265,481,464,1
./image_1721.jpg 380,273,502,509,0
./image_1722.jpg 376,266,552,478,0
./image_1723.jpg 355,271,546,473,0
./image_1724.jpg 331,221,448,453,0
./image_1725.jpg 389,266,497,504,0
./image_1726.jpg 265,267,432,535,0 493,346,514,381,0
./image_1727.jpg 277,268,373,503,0
./image_1728.jpg 397,261,501,523,0
./image_1729.jpg 334,250,433,440,0 103,212,251,414,0 11,262,62,352,0 4,159,38,202,0
./image_1730.jpg 336,253,431,440,0 47,234,82,287,0
./image_1731.jpg 327,248,463,441,0
./image_1732.jpg 362,253,467,451,0
./image_1733.jpg 339,248,465,431,0
./image_1734.jpg 295,271,435,480,1
./image_1735.jpg 367,265,437,499,1 596,282,648,408,1
./image_1736.jpg 354,275,454,440,1 652,319,721,428,1
./image_1737.jpg 330,275,468,414,0 531,237,665,354,0
./image_1738.jpg 345,254,433,441,1 610,110,648,174,1
./image_1739.jpg 282,263,439,468,1 457,148,485,213,1
./image_1740.jpg 312,282,459,480,1 258,149,285,204,1
./image_1741.jpg 207,271,385,491,1
./image_1742.jpg 366,276,540,497,1 554,224,588,293,1 302,232,366,346,1 64,212,79,243,1
./image_1743.jpg 360,261,470,497,1
./image_1744.jpg 395,256,494,487,0 521,244,592,402,0
./image_1745.jpg 273,267,431,501,1
./image_1746.jpg 333,259,463,437,1
./image_1747.jpg 327,273,445,462,0
./image_1748.jpg 362,267,457,526,0
./image_1749.jpg 355,248,465,539,1
./image_1750.jpg 337,256,447,418,0
./image_1751.jpg 281,258,396,500,1
./image_1752.jpg 347,266,458,526,1
./image_1753.jpg 367,267,513,507,1 168,245,200,310,1
./image_1754.jpg 362,251,484,439,0
./image_1755.jpg 325,264,440,497,0
./image_1756.jpg 365,267,556,503,0
./image_1757.jpg 363,273,448,474,0
./image_1758.jpg 278,315,403,510,0
./image_1759.jpg 350,240,464,496,0
./image_1760.jpg 351,266,430,503,1 15,252,54,309,1
./image_1761.jpg 354,259,495,529,1 228,278,253,330,1
./image_1762.jpg 333,272,449,518,0
./image_1763.jpg 375,266,498,490,1 295,256,324,310,0
./image_1764.jpg 341,268,415,459,1 466,201,545,292,1 283,239,310,274,1
./image_1765.jpg 306,267,405,509,1
./image_1766.jpg 360,269,479,490,1
./image_1767.jpg 345,253,450,428,1
./image_1768.jpg 339,261,440,407,1
./image_1769.jpg 353,277,441,421,1
./image_1770.jpg 354,282,432,484,1
./image_1771.jpg 353,272,510,523,0 107,294,135,344,0
./image_1772.jpg 348,262,464,514,0
./image_1773.jpg 314,274,413,529,0 207,124,256,201,1 299,289,308,302,0
./image_1774.jpg 316,241,481,440,0
./image_1775.jpg 317,265,431,481,0
./image_1776.jpg 316,268,427,501,0
./image_1777.jpg 342,267,441,425,1
./image_1778.jpg 357,274,459,494,1
./image_1779.jpg 389,275,496,504,1
./image_1780.jpg 357,263,488,468,1
./image_1781.jpg 382,261,514,496,1 631,249,663,287,1
./image_1782.jpg 311,197,431,437,1
./image_1783.jpg 352,248,465,435,0
./image_1784.jpg 334,250,451,422,0
./image_1785.jpg 356,271,494,482,1 376,204,404,237,1
./image_1786.jpg 336,258,443,415,0 41,224,135,327,0
./image_1787.jpg 316,270,457,462,0 724,234,787,322,0
./image_1788.jpg 380,249,488,460,0
./image_1789.jpg 295,240,429,450,0
./image_1790.jpg 325,258,429,494,1
./image_1791.jpg 70,278,202,440,1 336,269,429,484,1
./image_1792.jpg 376,273,512,462,1
./image_1793.jpg 352,264,445,513,0
./image_1794.jpg 310,275,443,470,0 489,218,522,290,0
./image_1795.jpg 371,261,470,468,1 124,224,183,302,1
./image_1796.jpg 370,272,501,474,0
./image_1797.jpg 281,262,454,474,0
./image_1798.jpg 277,240,409,502,0
./image_1799.jpg 247,273,424,536,0 501,445,530,500,0 683,452,727,509,0
./image_1800.jpg 371,275,490,490,0
./image_1801.jpg 331,269,429,501,1
./image_1802.jpg 351,267,471,528,1
./image_1803.jpg 335,279,445,515,1 697,165,731,221,1
./image_1804.jpg 329,278,444,533,1 472,281,661,533,1 432,181,464,239,1
./image_1805.jpg 342,285,455,498,1 291,231,329,301,1
./image_1806.jpg 111,288,205,421,0 382,229,543,416,0
./image_1807.jpg 287,271,439,510,0
./image_1808.jpg 286,277,420,518,0
./image_1809.jpg 372,274,504,487,0
./image_1810.jpg 393,263,511,477,1
./image_1811.jpg 374,264,526,497,1 653,270,759,527,1 517,111,547,168,1
./image_1812.jpg 348,269,470,477,1
./image_1813.jpg 284,254,440,522,1
./image_1814.jpg 0,333,131,503,1 285,274,429,509,1 561,234,580,265,1 663,213,738,283,1
./image_1815.jpg 78,282,178,420,1 300,265,445,479,1 577,259,622,322,1
./image_1816.jpg 344,256,453,429,1
./image_1817.jpg 332,262,468,431,1
./image_1818.jpg 359,258,440,410,1
./image_1819.jpg 332,263,450,449,1 428,126,463,185,1 200,125,248,188,1
./image_1820.jpg 270,272,453,500,1 751,298,784,369,1
./image_1821.jpg 361,268,473,454,0 512,245,555,322,0
./image_1822.jpg 419,262,577,460,1
./image_1823.jpg 263,282,412,520,1
./image_1824.jpg 325,255,439,467,1
./image_1825.jpg 376,271,539,495,0
./image_1826.jpg 310,285,423,523,1
./image_1827.jpg 306,267,415,475,1
./image_1828.jpg 324,246,464,435,0
./image_1829.jpg 338,257,450,428,0
./image_1830.jpg 351,253,474,432,0
./image_1831.jpg 343,249,449,428,0
./image_1832.jpg 348,252,458,436,0
./image_1833.jpg 230,112,328,356,1 510,154,546,222,1
./image_1834.jpg 377,198,447,386,0
./image_1835.jpg 321,260,451,489,0
./image_1836.jpg 239,315,405,528,0
./image_1837.jpg 372,276,509,501,1
./image_1838.jpg 376,277,472,506,1 622,271,653,343,0
./image_1839.jpg 403,268,550,475,0
./image_1840.jpg 308,245,422,444,0
./image_1841.jpg 352,246,430,459,0
./image_1842.jpg 398,242,479,431,0
./image_1843.jpg 276,280,419,521,0 384,222,419,280,0
./image_1844.jpg 181,264,208,313,0 351,365,483,533,0
./image_1845.jpg 89,260,228,492,1 266,288,415,465,1 553,270,665,492,1
./image_1846.jpg 367,271,473,472,1 592,217,638,281,1 721,211,749,260,1
./image_1847.jpg 298,275,462,515,1
./image_1848.jpg 307,297,368,388,1 397,279,566,531,1
./image_1849.jpg 291,288,418,512,1 540,120,577,181,1
./image_1850.jpg 241,276,393,470,1 466,255,508,341,1
./image_1851.jpg 281,245,394,489,0
./image_1852.jpg 298,276,415,522,0 78,143,138,245,0
./image_1853.jpg 383,269,543,485,0
./image_1854.jpg 296,272,418,513,0
./image_1855.jpg 337,248,450,477,0
./image_1856.jpg 379,270,507,455,0
./image_1857.jpg 340,249,449,410,1
./image_1858.jpg 409,264,524,479,0
./image_1859.jpg 396,260,530,474,0
./image_1860.jpg 359,267,531,502,0
./image_1861.jpg 250,246,418,477,0
./image_1862.jpg 356,268,510,507,1
./image_1863.jpg 307,275,412,500,1
./image_1864.jpg 333,262,465,491,0
./image_1865.jpg 320,258,433,487,0
./image_1866.jpg 435,274,570,483,1
./image_1867.jpg 376,268,493,484,1
./image_1868.jpg 341,277,453,477,1
./image_1869.jpg 297,261,416,496,0
./image_1870.jpg 272,253,443,462,0
./image_1871.jpg 246,260,404,510,0
./image_1872.jpg 324,232,453,437,1 299,306,310,323,0
./image_1873.jpg 325,241,447,409,1
./image_1874.jpg 380,265,543,467,0
./image_1875.jpg 298,256,425,527,0
./image_1876.jpg 166,226,250,364,0 289,256,547,536,0
./image_1877.jpg 335,285,442,419,0
./image_1878.jpg 338,268,427,536,0 541,267,636,416,0
./image_1879.jpg 381,275,513,535,0
./image_1880.jpg 328,265,442,496,1
./image_1881.jpg 324,275,427,504,0 137,250,215,453,0
./image_1882.jpg 363,268,490,519,0
./image_1883.jpg 307,245,419,497,1
./image_1884.jpg 378,273,532,499,1
./image_1885.jpg 375,265,514,525,1 262,277,292,342,1
./image_1886.jpg 346,270,434,456,1
./image_1887.jpg 260,272,440,527,1 465,280,506,347,1
./image_1888.jpg 265,264,449,502,0
./image_1889.jpg 361,254,546,500,0
./image_1890.jpg 313,254,436,535,0 591,269,616,310,0
./image_1891.jpg 359,273,474,487,0
./image_1892.jpg 332,257,426,465,0 449,220,507,290,0
./image_1893.jpg 134,235,182,342,1 329,273,430,490,1
./image_1894.jpg 258,220,318,336,1 341,253,426,453,1
./image_1895.jpg 267,263,401,513,1
./image_1896.jpg 312,258,465,435,0
./image_1897.jpg 299,194,449,411,0 540,407,579,483,0
./image_1898.jpg 326,262,522,495,0
./image_1899.jpg 346,270,551,504,0
./image_1900.jpg 336,261,445,424,0
./image_1901.jpg 191,282,283,496,1 347,319,402,443,1 491,275,625,583,1
./image_1902.jpg 341,260,474,497,1 628,250,729,358,1
./image_1903.jpg 382,268,505,494,1
./image_1904.jpg 192,298,288,440,0 425,239,631,509,0
./image_1905.jpg 308,270,428,523,0 569,131,614,218,0
./image_1906.jpg 287,269,455,463,1
./image_1907.jpg 307,272,431,504,1 541,330,594,463,1 598,362,632,437,1
./image_1908.jpg 352,262,447,493,1 602,262,664,382,1
./image_1909.jpg 154,258,294,406,1 408,271,517,513,1
./image_1910.jpg 398,209,507,413,1 80,223,122,280,1
./image_1911.jpg 317,278,428,487,0
./image_1912.jpg 340,253,443,427,1
./image_1913.jpg 330,256,503,447,0
./image_1914.jpg 337,259,438,430,1
./image_1915.jpg 375,256,495,456,0 182,190,235,313,0
./image_1916.jpg 37,262,205,460,0 308,252,466,402,0 150,82,249,175,0
./image_1917.jpg 327,309,447,456,0 500,200,535,284,0
./image_1918.jpg 46,256,166,406,1 336,272,437,500,1
./image_1919.jpg 357,266,485,483,0 525,266,623,494,0 652,207,718,273,0
./image_1920.jpg 340,266,430,510,1
./image_1921.jpg 353,273,520,513,1 542,270,685,479,1 464,176,503,235,1
./image_1922.jpg 363,253,466,450,1 399,177,446,238,1
./image_1923.jpg 278,269,427,511,1
./image_1924.jpg 331,270,436,503,0
./image_1925.jpg 340,253,451,423,1
./image_1926.jpg 333,259,441,425,1 715,249,763,306,1
./image_1927.jpg 333,268,431,510,1 659,311,754,443,1
./image_1928.jpg 329,248,446,437,0 365,183,379,205,0
./image_1929.jpg 333,254,440,421,1
./image_1930.jpg 322,260,462,437,1
./image_1931.jpg 310,263,429,485,0
./image_1932.jpg 341,259,469,434,1
./image_1933.jpg 322,270,488,472,1
./image_1934.jpg 378,294,489,503,1
./image_1935.jpg 324,265,474,469,1
./image_1936.jpg 0,183,199,547,1 270,246,345,366,1 378,202,454,398,1
./image_1937.jpg 327,261,464,504,1 491,245,568,345,1
./image_1938.jpg 0,280,36,356,0 222,268,352,551,0 382,273,536,462,0
./image_1939.jpg 271,256,447,559,0 476,274,537,371,0
./image_1940.jpg 313,254,443,479,0 422,237,445,286,0
./image_1941.jpg 325,294,439,549,0 423,216,457,290,0
./image_1942.jpg 77,157,137,269,1 353,277,440,506,1
./image_1943.jpg 299,271,444,487,1 510,234,545,281,1
./image_1944.jpg 348,218,519,427,1
./image_1945.jpg 318,259,436,513,0
./image_1946.jpg 325,324,426,517,1
./image_1947.jpg 315,267,446,459,1 203,220,259,288,1
./image_1948.jpg 282,264,425,484,0 447,221,472,281,0
./image_1949.jpg 322,258,425,459,0 514,289,575,377,0
./image_1950.jpg 393,265,536,460,1 418,228,440,266,1
./image_1951.jpg 336,275,505,489,0 598,236,633,283,0
./image_1952.jpg 289,261,405,498,0
./image_1953.jpg 359,268,445,430,1
./image_1954.jpg 337,253,471,420,0
./image_1955.jpg 362,278,442,490,1
./image_1956.jpg 357,258,462,488,1
./image_1957.jpg 337,271,451,498,1
./image_1958.jpg 281,262,449,455,1
./image_1959.jpg 330,261,466,422,0
./image_1960.jpg 346,269,436,493,1
./image_1961.jpg 303,270,419,510,1
./image_1962.jpg 267,270,421,483,1
./image_1963.jpg 342,253,433,451,0 244,192,276,256,0
./image_1964.jpg 354,256,467,437,0 70,216,114,282,0
./image_1965.jpg 309,284,407,508,1 564,316,683,504,1
./image_1966.jpg 361,262,452,493,1
./image_1967.jpg 336,294,447,449,0 402,195,419,223,0 714,313,770,424,0
./image_1968.jpg 360,272,493,476,1 239,148,295,237,1
./image_1969.jpg 341,268,537,488,0
./image_1970.jpg 364,277,447,520,1 522,259,563,340,1
./image_1971.jpg 362,266,496,496,1
./image_1972.jpg 376,275,519,467,1
./image_1973.jpg 416,273,502,475,1 56,262,139,369,1
./image_1974.jpg 336,258,445,420,0
./image_1975.jpg 310,272,431,503,0
./image_1976.jpg 322,293,439,534,1 463,218,494,306,1
./image_1977.jpg 214,265,403,470,1 571,216,605,299,1
./image_1978.jpg 315,285,508,501,1
./image_1979.jpg 388,269,577,479,1
./image_1980.jpg 354,267,502,491,0
./image_1981.jpg 325,265,436,502,1
./image_1982.jpg 404,272,530,522,1
./image_1983.jpg 290,230,419,483,1
./image_1984.jpg 417,271,531,468,0
./image_1985.jpg 260,258,455,458,0
./image_1986.jpg 277,270,408,503,1
./image_1987.jpg 210,255,346,507,1
./image_1988.jpg 276,259,432,513,1
./image_1989.jpg 336,260,454,437,0
./image_1990.jpg 343,263,444,430,0 734,308,790,403,0
./image_1991.jpg 404,266,548,489,1
./image_1992.jpg 242,259,430,515,0
./image_1993.jpg 275,266,405,475,1 645,219,685,276,1
./image_1994.jpg 333,251,471,435,1
./image_1995.jpg 297,234,444,417,0
./image_1996.jpg 357,256,453,431,1
./image_1997.jpg 313,264,443,458,0 615,252,667,316,0
./image_1998.jpg 344,259,441,502,0
./image_1999.jpg 359,273,467,511,0 231,237,257,274,0
./image_2000.jpg 322,262,438,506,0 615,255,710,418,0 426,231,456,268,0
