image_0001,"192,284,48,87,1",,,,,
image_0002,"312,165,72,179,1","417,283,8,14,0","383,277,6,13,0","345,278,5,13,0",,
image_0003,"617,208,23,48,0",,,,,
image_0004,"346,254,24,59,0","341,209,13,32,0",,,,
image_0005,"507,302,28,69,0",,,,,
image_0006,"691,293,73,142,0",,,,,
image_0007,"409,309,46,132,0","394,314,14,18,1",,,,
image_0008,"328,256,28,57,1","457,258,36,55,1",,,,
image_0009,"254,275,98,192,1",,,,,
image_0010,"482,304,22,60,1","0,254,326,346,1",,,,
image_0011,"749,291,35,37,1","469,271,31,84,1",,,,
image_0012,"321,194,108,276,1","478,243,44,86,1","536,215,59,131,1","601,243,43,84,1","640,200,149,247,1",
image_0013,"656,29,140,184,1","463,29,108,229,1","423,77,39,88,1","358,42,65,147,1","308,76,49,101,1","135,12,138,323,1"
image_0014,"587,15,175,224,1",,,,,
image_0015,"353,263,35,86,0",,,,,
image_0016,"380,281,33,51,0","397,271,15,18,0",,,,
image_0017,"129,283,72,150,1",,,,,
image_0018,"275,275,43,81,0",,,,,
image_0019,"380,281,65,109,0",,,,,
image_0020,"417,254,181,268,0",,,,,
image_0021,"345,262,137,271,0",,,,,
image_0022,"356,233,176,277,0",,,,,
image_0023,"310,270,121,233,0",,,,,
image_0024,"4,247,227,336,1",,,,,
image_0025,"338,184,132,266,1","0,206,103,265,1",,,,
image_0026,"409,89,182,372,1","586,134,65,187,1","633,94,167,387,1",,,
image_0027,"500,225,24,28,1",,,,,
image_0028,"528,249,41,54,1",,,,,
image_0029,"546,219,48,73,1","439,219,45,71,1",,,,
image_0030,"548,231,93,130,1","404,245,34,55,1",,,,
image_0031,"628,83,139,179,1",,,,,
image_0032,"468,311,26,51,1","610,316,69,114,1","500,302,26,49,1",,,
image_0033,"500,175,123,189,0",,,,,
image_0034,"472,247,69,168,1",,,,,
image_0035,"399,268,52,145,1","373,280,14,19,0",,,,
image_0036,"281,123,143,227,0",,,,,
image_0037,"262,234,72,180,1","413,271,10,16,0",,,,
image_0038,"414,184,89,160,0",,,,,
image_0039,"319,247,114,210,0",,,,,
image_0040,"372,262,63,138,0","547,92,36,70,0",,,,
image_0041,"254,150,135,277,1","426,210,51,86,1","474,177,54,134,1","537,207,51,83,1","599,159,101,213,1",
image_0042,"122,218,152,291,1",,,,,
image_0043,"338,219,95,274,1",,,,,
image_0044,"401,217,92,256,1",,,,,
image_0045,"401,289,14,32,1","389,294,14,27,1",,,,
image_0046,"379,283,26,57,0",,,,,
image_0047,"299,245,30,55,0",,,,,
image_0048,"599,303,94,140,0",,,,,
image_0049,"113,301,111,211,1","203,69,276,529,1",,,,
image_0050,"370,245,72,184,1",,,,,
image_0051,"349,361,34,87,1",,,,,
image_0052,"383,269,52,80,1",,,,,
image_0053,"361,289,85,119,0",,,,,
image_0054,"1,227,139,216,0",,,,,
image_0055,"275,287,51,106,0","405,289,53,93,0","538,288,36,92,0","635,295,43,77,0","716,291,53,75,0",
image_0056,"384,247,26,54,0","454,244,41,84,0","537,234,96,161,0",,,
image_0057,"386,241,101,191,0","301,192,32,69,0","279,169,19,48,0",,,
image_0058,"476,220,142,232,0","271,232,74,157,0","250,225,17,40,0",,,
image_0059,"291,288,39,81,1",,,,,
image_0060,"59,256,41,75,0",,,,,
image_0061,"209,304,77,176,1","455,259,31,63,1",,,,
image_0062,"211,301,27,45,1",,,,,
image_0063,"363,288,71,99,1",,,,,
image_0064,"246,269,148,234,1",,,,,
image_0065,"308,228,129,277,1",,,,,
image_0066,"386,280,38,60,1",,,,,
image_0067,"269,268,47,105,0","414,265,44,101,0","543,269,42,88,0","642,269,48,85,0","724,268,48,80,0",
image_0068,"220,124,77,173,0",,,,,
image_0069,"351,186,62,149,0",,,,,
image_0070,"332,247,45,80,0",,,,,
image_0071,"271,266,21,40,0","426,257,65,102,0",,,,
image_0072,"196,238,199,360,0",,,,,
image_0073,"356,236,98,151,0",,,,,
image_0074,"422,291,23,45,1",,,,,
image_0075,"326,382,81,137,1",,,,,
image_0076,"470,217,49,95,0",,,,,
image_0077,"405,359,85,169,0",,,,,
image_0078,"363,325,70,150,0",,,,,
image_0079,"344,280,50,108,0","287,263,47,101,0",,,,
image_0080,"361,274,42,79,0",,,,,
image_0081,"494,277,46,85,0",,,,,
image_0082,"504,269,31,54,0","394,252,36,72,0",,,,
image_0083,"373,289,85,189,0",,,,,
image_0084,"374,284,36,62,1",,,,,
image_0085,"273,248,23,45,1","319,248,37,52,1",,,,
image_0086,"291,255,133,268,0",,,,,
image_0087,"236,312,67,94,1","338,302,67,158,1",,,,
image_0088,"141,240,174,359,1","354,277,31,82,1","398,261,63,176,1",,,
image_0089,"425,265,40,95,1","228,266,70,144,1","201,265,49,98,1",,,
image_0090,"24,218,212,382,1",,,,,
image_0091,"371,226,65,123,1",,,,,
image_0092,"413,297,25,64,1","335,330,12,30,1",,,,
image_0093,"301,270,73,155,0","457,280,33,64,0","454,243,17,32,0",,,
image_0094,"433,277,55,127,0","495,252,35,57,0",,,,
image_0095,"351,270,100,197,0",,,,,
image_0096,"250,257,144,323,0",,,,,
image_0097,"402,260,49,185,1",,,,,
image_0098,"432,270,41,95,1",,,,,
image_0099,"343,263,63,200,1",,,,,
image_0100,"295,252,172,272,0",,,,,
image_0101,"315,257,76,185,0",,,,,
image_0102,"317,285,111,238,0","513,228,51,71,0",,,,
image_0103,"326,258,132,278,0",,,,,
image_0104,"320,271,117,265,0",,,,,
image_0105,"322,260,139,172,0",,,,,
image_0106,"324,262,128,167,0",,,,,
image_0107,"341,262,112,174,0",,,,,
image_0108,"330,262,121,193,0","546,267,29,55,0","652,271,35,91,0",,,
image_0109,"368,258,148,268,1",,,,,
image_0110,"324,267,129,257,1",,,,,
image_0111,"397,269,102,243,1",,,,,
image_0112,"351,212,155,252,1",,,,,
image_0113,"356,265,133,218,1",,,,,
image_0114,"354,273,89,202,1",,,,,
image_0115,"374,254,111,153,0","219,270,171,314,0",,,,
image_0116,"342,258,105,171,0",,,,,
image_0117,"325,255,130,172,0",,,,,
image_0118,"343,253,113,262,1","179,162,43,79,1",,,,
image_0119,"289,278,132,221,1",,,,,
image_0120,"376,252,85,214,1",,,,,
image_0121,"360,263,96,204,0",,,,,
image_0122,"298,273,161,215,0",,,,,
image_0123,"181,273,228,262,1",,,,,
image_0124,"341,252,136,187,0",,,,,
image_0125,"306,265,20,38,0","270,220,22,34,0",,,,
image_0126,"375,282,40,76,1",,,,,
image_0127,"322,254,133,179,0",,,,,
image_0128,"310,270,42,61,0","645,279,23,28,0",,,,
image_0129,"343,262,104,170,0",,,,,
image_0130,"96,332,78,98,0","344,265,170,226,0",,,,
image_0131,"311,264,415,288,0","357,103,37,86,0","295,127,18,25,1",,,
image_0132,"303,288,146,237,0","459,230,54,69,0",,,,
image_0133,"330,130,137,172,1",,,,,
image_0134,"410,305,14,27,1","458,302,25,40,1",,,,
image_0135,"289,275,40,44,1",,,,,
image_0136,"405,276,15,56,1","374,289,12,32,1",,,,
image_0137,"319,275,156,189,0",,,,,
image_0138,"343,263,118,191,0",,,,,
image_0139,"343,261,102,171,0",,,,,
image_0140,"341,263,105,167,0",,,,,
image_0141,"417,248,145,299,0",,,,,
image_0142,"329,266,115,243,0",,,,,
image_0143,"295,267,124,216,0",,,,,
image_0144,"320,263,118,215,0",,,,,
image_0145,"347,260,99,209,0","309,171,22,48,0","285,162,25,38,0",,,
image_0146,"357,258,89,241,0",,,,,
image_0147,"384,269,75,234,1",,,,,
image_0148,"185,273,70,98,0","351,280,112,185,0",,,,
image_0149,"343,264,114,227,0","166,323,70,111,0",,,,
image_0150,"279,243,75,97,0",,,,,
image_0151,"677,346,33,69,0","394,272,14,16,1",,,,
image_0152,"441,255,73,141,0",,,,,
image_0153,"129,215,113,207,0",,,,,
image_0154,"226,266,114,121,0",,,,,
image_0155,"561,228,83,154,0",,,,,
image_0156,"369,280,34,67,0","402,283,23,44,1",,,,
image_0157,"394,235,82,181,0","362,236,29,38,1",,,,
image_0158,"377,293,27,41,1",,,,,
image_0159,"107,204,73,136,0",,,,,
image_0160,"82,284,70,121,0","484,241,99,119,0",,,,
image_0161,"280,274,69,156,0","485,241,53,86,0",,,,
image_0162,"207,218,66,109,0","427,230,96,136,0",,,,
image_0163,"293,273,44,58,0",,,,,
image_0164,"219,255,88,175,0","328,265,34,87,0",,,,
image_0165,"523,274,77,102,0",,,,,
image_0166,"313,294,32,51,1",,,,,
image_0167,"390,285,25,71,1",,,,,
image_0168,"350,290,18,36,1","376,275,68,106,1",,,,
image_0169,"441,279,37,42,1",,,,,
image_0170,"223,284,103,125,0","324,235,128,322,0",,,,
image_0171,"534,200,33,58,0",,,,,
image_0172,"150,222,150,302,1",,,,,
image_0173,"678,275,80,144,0",,,,,
image_0174,"19,186,86,145,0","159,184,116,193,0",,,,
image_0175,"191,268,57,105,0","512,245,95,143,0",,,,
image_0176,"450,201,110,214,0",,,,,
image_0177,"70,231,104,181,0","409,233,116,137,0",,,,
image_0178,"325,260,21,45,1",,,,,
image_0179,"389,288,21,49,1",,,,,
image_0180,"280,221,127,145,0",,,,,
image_0181,"96,211,143,144,0",,,,,
image_0182,"214,225,122,218,0",,,,,
image_0183,"372,257,95,186,0",,,,,
image_0184,"137,213,165,212,0","512,225,50,78,0",,,,
image_0185,"84,238,71,118,0",,,,,
image_0186,"510,193,57,108,0",,,,,
image_0187,"225,237,69,83,0",,,,,
image_0188,"366,180,190,283,0",,,,,
image_0189,"466,251,87,190,0","0,209,251,378,0",,,,
image_0190,"241,258,92,109,0","443,255,127,160,0","323,254,34,78,0",,,
image_0191,"87,260,85,136,0","313,251,187,225,0","473,240,32,76,0",,,
image_0192,"292,270,56,136,0","404,234,35,75,0",,,,
image_0193,"338,262,68,90,0",,,,,
image_0194,"206,312,112,158,0",,,,,
image_0195,"156,264,75,85,0","585,294,112,196,0",,,,
image_0196,"274,268,64,79,0",,,,,
image_0197,"568,129,133,233,0",,,,,
image_0198,"365,248,78,133,0",,,,,
image_0199,"183,220,147,285,0",,,,,
image_0200,"371,157,108,233,0",,,,,
image_0201,"154,241,134,270,0",,,,,
image_0202,"0,225,260,375,0","275,232,158,320,1",,,,
image_0203,"267,271,207,215,1",,,,,
image_0204,"363,270,194,284,1",,,,,
image_0205,"308,220,224,305,1",,,,,
image_0206,"319,246,132,204,1",,,,,
image_0207,"341,268,107,228,0",,,,,
image_0208,"251,265,197,237,0",,,,,
image_0209,"345,257,189,242,0",,,,,
image_0210,"216,242,205,256,0",,,,,
image_0211,"296,259,159,214,0",,,,,
image_0212,"325,256,126,255,1",,,,,
image_0213,"336,253,118,281,1",,,,,
image_0214,"324,257,69,249,1",,,,,
image_0215,"316,256,43,77,1","365,261,113,223,1",,,,
image_0216,"91,285,98,132,1","401,252,102,244,1",,,,
image_0217,"373,280,168,225,0","207,241,42,69,0",,,,
image_0218,"345,263,141,208,0",,,,,
image_0219,"396,269,109,185,0",,,,,
image_0220,"392,268,24,52,1",,,,,
image_0221,"341,265,54,97,1",,,,,
image_0222,"232,291,45,75,0",,,,,
image_0223,"377,273,25,48,1",,,,,
image_0224,"414,246,57,102,1",,,,,
image_0225,"368,246,44,108,1",,,,,
image_0226,"308,266,104,180,1",,,,,
image_0227,"39,234,92,91,0","260,276,30,37,0",,,,
image_0228,"659,336,50,87,0",,,,,
image_0229,"216,246,49,98,0","390,245,44,88,0","361,71,43,81,0",,,
image_0230,"375,276,62,89,0","709,265,34,40,0",,,,
image_0231,"380,238,59,69,0",,,,,
image_0232,"322,300,104,162,0",,,,,
image_0233,"477,162,45,61,0",,,,,
image_0234,"381,279,25,43,1",,,,,
image_0235,"258,430,110,170,0","402,374,74,121,0",,,,
image_0236,"433,365,25,39,1",,,,,
image_0237,"410,291,18,39,1",,,,,
image_0238,"285,254,27,55,0","291,273,181,279,0",,,,
image_0239,"322,263,28,61,0","0,305,167,183,0",,,,
image_0240,"305,267,39,70,0",,,,,
image_0241,"272,268,41,74,0",,,,,
image_0242,"385,291,27,57,0",,,,,
image_0243,"464,221,55,115,0",,,,,
image_0244,"345,250,122,189,1",,,,,
image_0245,"311,281,67,153,1",,,,,
image_0246,"390,283,39,59,1",,,,,
image_0247,"410,270,28,62,1",,,,,
image_0248,"299,154,36,71,0",,,,,
image_0249,"402,246,24,48,0",,,,,
image_0250,"365,289,73,112,1",,,,,
image_0251,"618,265,134,141,0","251,262,85,155,0","321,274,13,29,0","337,274,11,27,0","359,260,12,23,0","380,248,9,19,0"
image_0252,"388,228,184,280,0",,,,,
image_0253,"519,271,27,61,0",,,,,
image_0254,"386,359,70,205,0",,,,,
image_0255,"304,227,156,319,0",,,,,
image_0256,"259,110,162,279,0",,,,,
image_0257,"165,268,60,124,0",,,,,
image_0258,"195,300,105,223,0",,,,,
image_0259,"453,239,47,98,0","404,282,22,32,1","703,284,15,23,1",,,
image_0260,"389,165,201,334,1",,,,,
image_0261,"373,262,100,154,1",,,,,
image_0262,"211,279,47,75,0",,,,,
image_0263,"58,284,73,144,0",,,,,
image_0264,"371,283,24,69,1",,,,,
image_0265,"347,273,106,228,1",,,,,
image_0266,"326,258,95,248,1",,,,,
image_0267,"330,270,111,222,1",,,,,
image_0268,"367,312,45,80,0","265,292,92,130,0","0,316,59,71,0",,,
image_0269,"332,258,99,213,1","383,227,42,80,0",,,,
image_0270,"318,212,109,149,0",,,,,
image_0271,"193,244,85,103,0","272,282,147,190,0","419,212,45,127,0",,,
image_0272,"285,272,99,210,0","393,190,58,96,0","585,190,31,101,0",,,
image_0273,"397,339,124,240,1","501,508,92,72,1",,,,
image_0274,"264,102,64,113,0",,,,,
image_0275,"346,232,107,251,0",,,,,
image_0276,"152,184,80,166,0",,,,,
image_0277,"410,276,23,39,0",,,,,
image_0278,"473,298,45,68,0",,,,,
image_0279,"270,282,81,90,0","57,243,15,21,0",,,,
image_0280,"425,248,48,92,0",,,,,
image_0281,"629,274,68,112,0",,,,,
image_0282,"341,266,120,232,0",,,,,
image_0283,"236,275,93,188,0","428,280,76,120,0",,,,
image_0284,"324,251,83,198,0",,,,,
image_0285,"376,280,70,113,1",,,,,
image_0286,"334,268,118,182,1",,,,,
image_0287,"306,278,48,88,0",,,,,
image_0288,"200,226,137,278,0","466,251,76,143,0",,,,
image_0289,"240,233,73,150,0",,,,,
image_0290,"0,223,240,377,0",,,,,
image_0291,"236,355,82,117,0",,,,,
image_0292,"266,224,188,251,0",,,,,
image_0293,"286,251,32,49,1",,,,,
image_0294,"294,266,37,76,1",,,,,
image_0295,"594,321,36,59,1",,,,,
image_0296,"398,265,33,68,1",,,,,
image_0297,"459,266,91,238,0",,,,,
image_0298,"361,295,53,63,0",,,,,
image_0299,"288,270,64,91,0",,,,,
image_0300,"241,275,57,98,0","401,257,23,51,0","376,227,20,35,0",,,
image_0301,"393,270,73,212,0",,,,,
image_0302,"232,86,123,147,0",,,,,
image_0303,"391,242,107,157,0",,,,,
image_0304,"358,235,94,148,0",,,,,
image_0305,"447,228,59,118,0",,,,,
image_0306,"395,214,41,81,0",,,,,
image_0307,"315,237,78,185,0",,,,,
image_0308,"579,226,151,224,0","210,204,55,119,0",,,,
image_0309,"551,105,61,111,0","329,112,42,97,0",,,,
image_0310,"474,98,51,90,0","284,132,35,65,0",,,,
image_0311,"298,358,37,57,0","252,319,24,32,0","212,312,22,28,0","152,290,17,24,0",,
image_0312,"678,380,60,44,0",,,,,
image_0313,"634,407,35,65,0",,,,,
image_0314,"665,313,21,40,0",,,,,
image_0315,"385,284,34,84,0",,,,,
image_0316,"347,276,86,42,0",,,,,
image_0317,"403,195,106,273,1",,,,,
image_0318,"363,215,89,149,1",,,,,
image_0319,"316,272,50,97,0",,,,,
image_0320,"1,268,168,230,0",,,,,
image_0321,"540,273,38,70,0","289,279,19,37,0","313,277,25,47,0","320,256,12,11,0",,
image_0322,"28,266,88,146,0",,,,,
image_0323,"394,286,195,314,0",,,,,
image_0324,"125,163,80,115,0",,,,,
image_0325,"381,296,55,76,0",,,,,
image_0326,"332,298,225,302,0",,,,,
image_0327,"228,236,26,61,0",,,,,
image_0328,"73,283,37,72,0",,,,,
image_0329,"59,160,117,138,0",,,,,
image_0330,"376,285,34,59,1",,,,,
image_0331,"369,268,119,301,0",,,,,
image_0332,"431,295,28,50,1",,,,,
image_0333,"316,242,85,107,1",,,,,
image_0334,"624,193,176,407,0",,,,,
image_0335,"555,283,45,97,1",,,,,
image_0336,"349,280,40,102,1",,,,,
image_0337,"351,280,60,98,1",,,,,
image_0338,"377,286,25,63,1",,,,,
image_0339,"11,185,131,142,0","339,234,218,359,1",,,,
image_0340,"358,241,113,192,1","529,279,31,120,1",,,,
image_0341,"323,196,206,345,1","0,347,115,224,1",,,,
image_0342,"545,329,119,239,1",,,,,
image_0343,"416,274,47,115,1",,,,,
image_0344,"455,311,25,31,1","567,242,63,172,1",,,,
image_0345,"635,115,165,215,1",,,,,
image_0346,"311,293,143,257,1",,,,,
image_0347,"318,328,120,199,1",,,,,
image_0348,"557,173,48,94,1","294,193,294,407,1","324,161,25,34,1",,,
image_0349,"299,253,244,271,1","675,160,25,42,1",,,,
image_0350,"305,253,127,197,1",,,,,
image_0351,"359,266,78,179,1",,,,,
image_0352,"347,270,97,115,1",,,,,
image_0353,"147,281,92,169,1","320,276,102,111,1",,,,
image_0354,"256,300,102,246,0",,,,,
image_0355,"341,225,52,146,0",,,,,
image_0356,"364,279,75,129,1",,,,,
image_0357,"391,310,75,102,1","69,227,39,54,1",,,,
image_0358,"338,271,88,113,1",,,,,
image_0359,"372,269,51,124,1","31,303,35,48,1",,,,
image_0360,"344,255,70,147,1",,,,,
image_0361,"259,235,127,264,1",,,,,
image_0362,"576,253,137,190,1","356,270,117,247,1","151,217,23,23,0",,,
image_0363,"350,248,143,308,1","504,111,50,91,1","247,131,9,23,0","540,201,17,19,0",,
image_0364,"417,242,23,48,0","333,259,77,176,1",,,,
image_0365,"371,266,64,132,0",,,,,
image_0366,"347,222,129,280,1",,,,,
image_0367,"345,247,83,193,1","77,297,38,60,1",,,,
image_0368,"373,269,53,107,1",,,,,
image_0369,"404,293,70,118,0",,,,,
image_0370,"370,272,56,144,0","571,295,117,147,0",,,,
image_0371,"145,134,88,150,1","339,222,237,333,0",,,,
image_0372,"296,231,166,318,0",,,,,
image_0373,"311,257,134,224,0",,,,,
image_0374,"333,271,98,179,0","439,155,18,28,1",,,,
image_0375,"411,276,75,126,1","495,185,19,28,0",,,,
image_0376,"374,276,56,131,1","228,189,18,43,0",,,,
image_0377,"353,275,73,126,0","63,252,42,53,1",,,,
image_0378,"377,270,54,124,0",,,,,
image_0379,"354,289,54,129,0",,,,,
image_0380,"308,253,155,326,0",,,,,
image_0381,"362,266,123,229,0",,,,,
image_0382,"332,273,116,216,0",,,,,
image_0383,"300,264,163,238,0",,,,,
image_0384,"366,271,121,241,0",,,,,
image_0385,"350,259,94,245,0","293,237,26,37,0",,,,
image_0386,"431,287,152,202,0",,,,,
image_0387,"409,271,202,232,0",,,,,
image_0388,"358,330,114,166,1",,,,,
image_0389,"344,249,103,184,1",,,,,
image_0390,"257,254,144,272,0",,,,,
image_0391,"359,239,117,190,0",,,,,
image_0392,"357,275,210,202,0",,,,,
image_0393,"302,238,128,198,0",,,,,
image_0394,"342,194,112,252,0",,,,,
image_0395,"421,261,100,249,0",,,,,
image_0396,"356,209,113,205,0",,,,,
image_0397,"271,272,167,231,0",,,,,
image_0398,"371,206,68,158,0",,,,,
image_0399,"331,203,69,157,0","139,279,27,38,1",,,,
image_0400,"392,291,23,58,1",,,,,
image_0401,"0,302,36,107,1",,,,,
image_0402,"355,284,35,89,1","552,315,60,100,1","489,257,30,43,1",,,
image_0403,"377,262,79,213,1","533,223,70,115,1",,,,
image_0404,"340,268,99,216,1",,,,,
image_0405,"317,264,100,155,1","240,255,54,79,1",,,,
image_0406,"328,273,135,289,1","268,227,27,44,0",,,,
image_0407,"365,267,105,213,1","223,226,27,44,0",,,,
image_0408,"343,264,99,206,0",,,,,
image_0409,"318,285,129,282,0",,,,,
image_0410,"296,272,156,226,0",,,,,
image_0411,"371,279,148,238,0",,,,,
image_0412,"377,257,161,262,0",,,,,
image_0413,"359,261,166,235,0",,,,,
image_0414,"295,269,151,233,0",,,,,
image_0415,"367,262,128,191,1",,,,,
image_0416,"341,293,167,265,1",,,,,
image_0417,"355,271,133,229,1",,,,,
image_0418,"269,261,138,265,1",,,,,
image_0419,"316,269,174,202,1",,,,,
image_0420,"328,267,135,238,1",,,,,
image_0421,"347,268,119,218,0",,,,,
image_0422,"392,260,120,266,0","617,243,31,42,0",,,,
image_0423,"269,263,128,245,0","449,250,34,51,0",,,,
image_0424,"357,222,114,239,1",,,,,
image_0425,"321,275,128,80,1",,,,,
image_0426,"337,271,122,237,1",,,,,
image_0427,"420,263,99,215,1",,,,,
image_0428,"366,243,183,356,1",,,,,
image_0429,"393,257,195,232,1",,,,,
image_0430,"353,262,102,220,1",,,,,
image_0431,"323,279,78,92,1","361,280,154,198,1",,,,
image_0432,"330,239,106,184,1",,,,,
image_0433,"153,272,54,108,1","311,273,184,225,1",,,,
image_0434,"326,264,119,240,1",,,,,
image_0435,"314,273,102,210,1","14,243,40,27,1",,,,
image_0436,"306,265,133,275,1",,,,,
image_0437,"370,269,134,261,1","533,173,42,65,1",,,,
image_0438,"327,229,111,214,1",,,,,
image_0439,"323,262,120,224,1",,,,,
image_0440,"275,286,178,252,1","207,235,33,50,1",,,,
image_0441,"340,268,120,162,1",,,,,
image_0442,"333,269,115,154,1",,,,,
image_0443,"325,269,112,245,1",,,,,
image_0444,"293,267,148,247,1",,,,,
image_0445,"381,260,140,254,0",,,,,
image_0446,"374,264,151,239,0",,,,,
image_0447,"365,263,99,234,0",,,,,
image_0448,"322,259,137,196,0","636,232,86,136,0","632,187,22,42,1",,,
image_0449,"391,239,120,226,0",,,,,
image_0450,"318,275,109,200,0","412,203,29,56,0",,,,
image_0451,"279,271,143,304,0",,,,,
image_0452,"301,269,120,283,0",,,,,
image_0453,"332,279,132,150,0",,,,,
image_0454,"355,283,138,198,0",,,,,
image_0455,"35,147,114,100,0","341,240,37,31,0",,,,
image_0456,"0,287,146,189,0","343,267,40,60,1",,,,
image_0457,"366,249,39,85,0",,,,,
image_0458,"342,285,98,257,1",,,,,
image_0459,"349,259,104,249,1",,,,,
image_0460,"345,256,100,197,1","266,198,81,161,1",,,,
image_0461,"392,256,105,220,1","686,167,97,127,1",,,,
image_0462,"353,260,78,246,1",,,,,
image_0463,"365,259,114,222,1","579,239,54,52,1",,,,
image_0464,"326,286,133,314,1","448,250,56,82,1",,,,
image_0465,"314,223,129,204,1",,,,,
image_0466,"330,259,122,171,1",,,,,
image_0467,"337,268,108,160,1",,,,,
image_0468,"338,276,135,238,1",,,,,
image_0469,"379,271,153,204,1",,,,,
image_0470,"344,266,116,218,1",,,,,
image_0471,"353,254,105,168,1",,,,,
image_0472,"327,250,128,183,1",,,,,
image_0473,"354,267,107,189,0",,,,,
image_0474,"283,273,183,206,0",,,,,
image_0475,"266,266,157,229,0","542,325,52,91,0",,,,
image_0476,"193,223,30,41,1","346,258,90,237,0",,,,
image_0477,"312,256,154,214,0","22,145,24,33,0",,,,
image_0478,"281,272,136,194,0","469,256,111,174,0",,,,
image_0479,"78,268,134,252,0","344,259,119,232,0","506,223,18,42,1",,,
image_0480,"316,281,138,191,1","290,198,23,44,1",,,,
image_0481,"389,290,24,46,1",,,,,
image_0482,"446,300,26,55,0",,,,,
image_0483,"2,169,94,136,0",,,,,
image_0484,"102,263,154,271,0","391,285,15,37,1",,,,
image_0485,"315,236,95,248,0",,,,,
image_0486,"428,315,26,34,1","398,284,21,32,1",,,,
image_0487,"370,247,144,301,0",,,,,
image_0488,"352,265,110,221,0","52,215,24,25,0",,,,
image_0489,"299,275,135,252,0",,,,,
image_0490,"282,262,129,213,0",,,,,
image_0491,"320,275,119,245,0",,,,,
image_0492,"323,184,157,415,1",,,,,
image_0493,"304,266,135,193,1","545,196,56,110,1",,,,
image_0494,"345,260,97,190,1",,,,,
image_0495,"389,261,84,225,1",,,,,
image_0496,"162,274,254,240,1",,,,,
image_0497,"326,241,145,280,1",,,,,
image_0498,"247,280,183,190,1",,,,,
image_0499,"341,281,92,177,1",,,,,
image_0500,"322,257,115,149,1",,,,,
image_0501,"288,276,122,255,0",,,,,
image_0502,"319,248,128,180,0",,,,,
image_0503,"320,284,148,306,1",,,,,
image_0504,"271,258,134,203,1",,,,,
image_0505,"285,261,131,203,1",,,,,
image_0506,"343,246,106,178,1",,,,,
image_0507,"344,245,157,216,1",,,,,
image_0508,"453,137,123,195,0",,,,,
image_0509,"190,263,69,89,0",,,,,
image_0510,"261,280,46,96,1","313,280,31,64,1",,,,
image_0511,"449,253,55,93,0",,,,,
image_0512,"375,220,71,106,0","138,216,53,91,1",,,,
image_0513,"594,229,34,63,0","102,226,90,91,0",,,,
image_0514,"634,227,48,76,0",,,,,
image_0515,"375,283,43,96,1",,,,,
image_0516,"485,7,134,269,0",,,,,
image_0517,"625,325,175,204,0",,,,,
image_0518,"385,282,27,47,1",,,,,
image_0519,"399,283,23,52,1",,,,,
image_0520,"271,260,124,321,0",,,,,
image_0521,"358,271,140,204,0",,,,,
image_0522,"292,256,155,242,0",,,,,
image_0523,"361,282,29,51,1",,,,,
image_0524,"399,289,17,24,1",,,,,
image_0525,"478,272,68,112,1",,,,,
image_0526,"271,304,33,63,0","419,273,17,22,1",,,,
image_0527,"326,294,29,53,0","455,292,20,35,0",,,,
image_0528,"399,289,20,38,0",,,,,
image_0529,"381,258,29,44,0","490,258,20,34,0","642,261,25,43,0",,,
image_0530,"313,268,40,62,0",,,,,
image_0531,"423,210,66,81,0","240,230,31,40,0",,,,
image_0532,"367,251,28,48,0","288,223,22,30,0",,,,
image_0533,"532,248,56,71,0","314,220,25,36,0",,,,
image_0534,"529,196,37,46,0","383,254,20,28,0",,,,
image_0535,"486,192,53,88,0","272,297,29,43,0",,,,
image_0536,"402,268,62,111,1","286,273,31,59,1",,,,
image_0537,"328,251,118,175,0",,,,,
image_0538,"646,216,66,89,0","308,229,179,293,0",,,,
image_0539,"334,247,142,192,0",,,,,
image_0540,"335,259,105,145,1",,,,,
image_0541,"398,299,96,108,1",,,,,
image_0542,"415,265,25,54,0",,,,,
image_0543,"135,273,45,66,0",,,,,
image_0544,"33,320,70,120,0","111,308,119,246,0",,,,
image_0545,"386,264,51,109,1",,,,,
image_0546,"365,241,105,241,0","260,252,92,162,0",,,,
image_0547,"384,251,95,185,0",,,,,
image_0548,"343,262,150,263,0",,,,,
image_0549,"350,255,118,221,0",,,,,
image_0550,"290,273,129,253,0",,,,,
image_0551,"331,236,116,253,0",,,,,
image_0552,"373,283,86,204,0",,,,,
image_0553,"400,264,92,200,0","573,208,48,74,0","637,181,33,52,0",,,
image_0554,"338,281,91,203,0","511,261,40,82,0",,,,
image_0555,"392,268,154,203,1",,,,,
image_0556,"356,260,73,181,1",,,,,
image_0557,"358,269,75,229,1",,,,,
image_0558,"331,269,106,241,1",,,,,
image_0559,"333,258,123,173,1",,,,,
image_0560,"350,285,92,232,1",,,,,
image_0561,"348,274,181,259,0",,,,,
image_0562,"344,267,105,253,0",,,,,
image_0563,"401,294,44,54,0",,,,,
image_0564,"334,247,101,229,1",,,,,
image_0565,"52,222,98,165,0","574,217,109,189,0",,,,
image_0566,"12,200,129,176,0","486,208,71,143,0",,,,
image_0567,"372,203,71,138,0",,,,,
image_0568,"111,346,82,124,0",,,,,
image_0569,"320,279,43,93,0",,,,,
image_0570,"390,330,74,116,0",,,,,
image_0571,"295,182,110,275,1",,,,,
image_0572,"353,286,34,54,0","425,291,20,29,1",,,,
image_0573,"407,273,83,138,0",,,,,
image_0574,"129,271,72,140,0",,,,,
image_0575,"44,244,134,250,0",,,,,
image_0576,"363,288,62,91,1",,,,,
image_0577,"342,257,44,71,1",,,,,
image_0578,"386,253,56,55,1",,,,,
image_0579,"356,255,81,173,1",,,,,
image_0580,"490,293,31,62,1",,,,,
image_0581,"339,304,74,157,1",,,,,
image_0582,"317,200,255,400,1","0,65,122,308,1",,,,
image_0583,"415,293,42,68,1","360,270,40,58,1",,,,
image_0584,"327,255,123,174,1",,,,,
image_0585,"318,252,137,177,1","591,300,136,117,1",,,,
image_0586,"304,256,141,211,0","689,258,111,139,0",,,,
image_0587,"325,271,110,154,1",,,,,
image_0588,"185,255,306,341,0",,,,,
image_0589,"243,273,160,208,0",,,,,
image_0590,"316,269,129,209,0",,,,,
image_0591,"47,224,59,85,0","350,254,74,175,0",,,,
image_0592,"339,268,104,136,0",,,,,
image_0593,"331,268,153,214,0",,,,,
image_0594,"335,259,125,175,1",,,,,
image_0595,"254,270,170,207,0",,,,,
image_0596,"308,259,118,199,1","250,174,43,81,1",,,,
image_0597,"275,269,175,216,0",,,,,
image_0598,"382,252,98,228,0",,,,,
image_0599,"298,289,144,221,0",,,,,
image_0600,"383,270,99,197,0",,,,,
image_0601,"351,247,108,210,0",,,,,
image_0602,"336,249,140,187,0",,,,,
image_0603,"324,260,173,201,0",,,,,
image_0604,"365,265,175,210,0",,,,,
image_0605,"331,254,115,232,0",,,,,
image_0606,"300,281,127,222,0",,,,,
image_0607,"356,261,136,202,0",,,,,
image_0608,"351,271,143,228,0",,,,,
image_0609,"339,258,100,228,0",,,,,
image_0610,"311,269,116,218,0",,,,,
image_0611,"331,273,130,193,0",,,,,
image_0612,"357,269,128,252,0",,,,,
image_0613,"247,274,202,191,0",,,,,
image_0614,"306,271,181,181,0",,,,,
image_0615,"275,229,96,230,0","476,251,64,114,0",,,,
image_0616,"262,285,25,33,0",,,,,
image_0617,"360,268,47,73,0",,,,,
image_0618,"156,379,124,184,0","330,271,143,268,0","276,293,43,54,1",,,
image_0619,"339,247,125,190,0",,,,,
image_0620,"336,248,116,182,0",,,,,
image_0621,"355,271,128,231,0",,,,,
image_0622,"693,162,77,90,0","501,166,38,74,0","398,199,65,118,0","161,280,276,319,0",,
image_0623,"334,253,122,162,1",,,,,
image_0624,"318,255,147,181,1",,,,,
image_0625,"339,255,107,175,1",,,,,
image_0626,"323,246,130,187,1",,,,,
image_0627,"252,211,68,123,0","341,264,111,207,0",,,,
image_0628,"401,217,93,187,1","754,181,37,40,1",,,,
image_0629,"377,269,102,199,1",,,,,
image_0630,"356,267,90,181,1","643,252,39,50,1",,,,
image_0631,"284,264,161,217,1",,,,,
image_0632,"343,267,126,174,1",,,,,
image_0633,"358,264,120,202,1","600,232,28,40,1",,,,
image_0634,"349,295,115,178,1",,,,,
image_0635,"380,248,152,352,0",,,,,
image_0636,"328,281,113,183,0","399,127,53,106,0",,,,
image_0637,"329,251,109,173,0","475,334,205,230,0","459,119,37,89,0","627,139,66,95,1",,
image_0638,"349,277,86,127,1",,,,,
image_0639,"358,265,46,93,1",,,,,
image_0640,"281,266,59,136,1","189,274,64,97,1",,,,
image_0641,"387,284,140,230,0","285,277,17,19,0",,,,
image_0642,"266,267,191,208,0","601,214,33,56,0",,,,
image_0643,"275,270,132,231,0",,,,,
image_0644,"357,264,144,228,0",,,,,
image_0645,"338,262,114,172,1",,,,,
image_0646,"318,259,156,180,1",,,,,
image_0647,"347,247,113,189,0",,,,,
image_0648,"327,255,120,176,0",,,,,
image_0649,"326,236,167,219,0",,,,,
image_0650,"316,254,152,191,0",,,,,
image_0651,"330,259,126,182,0",,,,,
image_0652,"335,257,113,179,0",,,,,
image_0653,"176,281,37,72,1","282,262,145,215,1",,,,
image_0654,"307,253,116,254,1",,,,,
image_0655,"283,262,192,226,1",,,,,
image_0656,"382,258,75,232,1","283,196,37,62,1","323,194,33,64,1",,,
image_0657,"107,219,70,84,1","264,223,38,74,1","362,256,85,216,1",,,
image_0658,"97,256,115,154,1","270,262,146,230,1",,,,
image_0659,"355,267,89,243,1","208,240,54,130,1","110,223,37,76,1",,,
image_0660,"307,266,143,213,1",,,,,
image_0661,"343,264,131,230,1",,,,,
image_0662,"355,262,130,244,1",,,,,
image_0663,"283,282,141,224,1",,,,,
image_0664,"341,259,194,219,1",,,,,
image_0665,"342,262,107,165,0",,,,,
image_0666,"322,253,147,180,0",,,,,
image_0667,"292,261,131,253,0",,,,,
image_0668,"329,254,94,207,0","653,207,57,54,0",,,,
image_0669,"333,262,127,145,0","671,190,47,58,0",,,,
image_0670,"264,253,127,236,0",,,,,
image_0671,"333,258,118,162,0",,,,,
image_0672,"369,280,106,253,1",,,,,
image_0673,"409,278,107,246,1",,,,,
image_0674,"341,221,88,215,1",,,,,
image_0675,"376,272,125,240,0","125,111,18,31,0",,,,
image_0676,"325,273,115,223,0",,,,,
image_0677,"350,249,92,233,0",,,,,
image_0678,"376,266,149,259,0",,,,,
image_0679,"306,268,142,213,0",,,,,
image_0680,"357,262,132,251,0",,,,,
image_0681,"242,271,221,307,1",,,,,
image_0682,"299,251,115,329,0",,,,,
image_0683,"1,135,238,401,0",,,,,
image_0684,"626,272,63,130,0",,,,,
image_0685,"301,282,37,90,0",,,,,
image_0686,"395,291,21,34,1",,,,,
image_0687,"715,213,85,103,0","358,292,11,23,0",,,,
image_0688,"356,265,101,170,0",,,,,
image_0689,"328,248,146,184,1",,,,,
image_0690,"338,249,108,178,1",,,,,
image_0691,"333,246,117,184,0",,,,,
image_0692,"338,247,114,177,0",,,,,
image_0693,"380,245,112,199,0",,,,,
image_0694,"324,250,120,169,0",,,,,
image_0695,"345,253,127,200,0",,,,,
image_0696,"331,211,145,195,1",,,,,
image_0697,"323,220,113,201,1","591,133,121,171,1",,,,
image_0698,"328,275,97,259,1","460,173,31,74,1",,,,
image_0699,"314,258,129,211,1",,,,,
image_0700,"254,218,185,218,0","495,209,30,41,0",,,,
image_0701,"168,195,31,41,0","346,272,108,193,0",,,,
image_0702,"295,269,118,259,0","685,255,19,25,0",,,,
image_0703,"332,261,98,226,1",,,,,
image_0704,"319,261,102,203,1",,,,,
image_0705,"109,134,36,65,0","304,238,37,80,1","338,267,106,266,1",,,
image_0706,"336,268,128,150,0",,,,,
image_0707,"339,270,131,169,0",,,,,
image_0708,"355,266,93,167,0",,,,,
image_0709,"318,261,149,179,0","179,224,42,68,0","24,230,56,63,0","533,249,27,35,0",,
image_0710,"250,278,125,220,1",,,,,
image_0711,"344,266,171,267,1",,,,,
image_0712,"300,267,126,223,1",,,,,
image_0713,"344,260,130,176,0",,,,,
image_0714,"382,207,109,225,1",,,,,
image_0715,"343,259,93,266,1","16,268,160,234,1",,,,
image_0716,"349,277,82,244,1","500,228,56,96,1",,,,
image_0717,"349,272,87,180,1",,,,,
image_0718,"372,269,115,212,1",,,,,
image_0719,"368,255,130,211,1",,,,,
image_0720,"327,262,128,238,1",,,,,
image_0721,"332,254,115,167,1",,,,,
image_0722,"335,256,110,171,0",,,,,
image_0723,"185,256,87,110,1","379,267,147,180,1",,,,
image_0724,"190,261,70,87,1","324,274,108,223,1",,,,
image_0725,"394,273,139,216,0",,,,,
image_0726,"354,274,103,256,0",,,,,
image_0727,"337,266,97,207,0","79,248,104,116,0",,,,
image_0728,"18,251,97,147,0","376,260,134,237,0",,,,
image_0729,"386,268,113,253,0",,,,,
image_0730,"340,250,85,220,0",,,,,
image_0731,"353,290,142,223,0",,,,,
image_0732,"290,278,135,230,0",,,,,
image_0733,"339,259,158,231,0",,,,,
image_0734,"288,262,157,188,0",,,,,
image_0735,"404,294,25,57,1",,,,,
image_0736,"94,289,77,157,1","354,277,116,253,0",,,,
image_0737,"356,277,96,205,1",,,,,
image_0738,"318,262,177,200,0",,,,,
image_0739,"339,261,108,171,0",,,,,
image_0740,"307,267,135,242,0",,,,,
image_0741,"320,250,99,183,1",,,,,
image_0742,"338,265,105,152,0",,,,,
image_0743,"332,258,113,168,1",,,,,
image_0744,"338,272,104,144,0",,,,,
image_0745,"255,271,147,218,0","77,154,30,20,0",,,,
image_0746,"338,266,96,209,0",,,,,
image_0747,"346,250,123,207,1","467,175,11,23,0",,,,
image_0748,"328,271,107,225,0",,,,,
image_0749,"230,262,199,245,0",,,,,
image_0750,"339,255,104,228,0",,,,,
image_0751,"292,262,153,271,0",,,,,
image_0752,"394,264,165,252,1",,,,,
image_0753,"289,219,124,204,0",,,,,
image_0754,"409,226,104,269,0",,,,,
image_0755,"326,271,117,214,0",,,,,
image_0756,"337,260,108,157,0",,,,,
image_0757,"362,234,188,258,1",,,,,
image_0758,"316,224,144,294,1",,,,,
image_0759,"293,250,183,264,1",,,,,
image_0760,"315,266,125,268,1",,,,,
image_0761,"335,259,118,265,1",,,,,